dishId,dishName,field,sourceRef,sourceKey,basis,note,menuItemIds
8131e3cd-bce2-5843-8800-9426c91382ba,Burger,name,ed058b8a-d0db-5944-9af4-962df535ba27,menu-catalogue,owner_grouping,Tên món gốc theo mapping owner đã chốt; sourceNames không phải alias.,"[""menu_50dbb70cd814e8bf7a93"",""menu_b247a4225fbecb0d5655"",""menu_7ccd7ce494621fbebb4b"",""menu_56b43d7d9125ab1978c1"",""menu_3d33d6cd7e6c3ab05d85"",""menu_312ee6a1237733f43a12"",""menu_7ed821780e5843c769cc"",""menu_41699bd827eafde21687"",""menu_a92109465d8c6cbebee6"",""menu_37b38ac2c9640e60d182"",""menu_f5d0b4a797585275136a"",""menu_12e8ac2a393d2436fb17"",""menu_d98fe949288438d189b1"",""menu_048ebbedcd80fd5a4c0c"",""menu_3d14a5712e7f1edb7eaf"",""menu_87dc41f8a8356f182c55""]"
8131e3cd-bce2-5843-8800-9426c91382ba,Burger,categoryCodes,ed058b8a-d0db-5944-9af4-962df535ba27,menu-catalogue,owner_grouping,Họ món theo tên/nhóm menu và phạm vi gộp owner; không suy cách chế biến/thành phần.,"[""menu_50dbb70cd814e8bf7a93"",""menu_b247a4225fbecb0d5655"",""menu_7ccd7ce494621fbebb4b"",""menu_56b43d7d9125ab1978c1"",""menu_3d33d6cd7e6c3ab05d85"",""menu_312ee6a1237733f43a12"",""menu_7ed821780e5843c769cc"",""menu_41699bd827eafde21687"",""menu_a92109465d8c6cbebee6"",""menu_37b38ac2c9640e60d182"",""menu_f5d0b4a797585275136a"",""menu_12e8ac2a393d2436fb17"",""menu_d98fe949288438d189b1"",""menu_048ebbedcd80fd5a4c0c"",""menu_3d14a5712e7f1edb7eaf"",""menu_87dc41f8a8356f182c55""]"
8131e3cd-bce2-5843-8800-9426c91382ba,Burger,description,ed058b8a-d0db-5944-9af4-962df535ba27,menu-catalogue,menu_scope,Mô tả phạm vi nhóm từ tên/menu/mô tả nguồn; không áp thành phần một biến thể cho cả nhóm.,"[""menu_50dbb70cd814e8bf7a93"",""menu_b247a4225fbecb0d5655"",""menu_7ccd7ce494621fbebb4b"",""menu_56b43d7d9125ab1978c1"",""menu_3d33d6cd7e6c3ab05d85"",""menu_312ee6a1237733f43a12"",""menu_7ed821780e5843c769cc"",""menu_41699bd827eafde21687"",""menu_a92109465d8c6cbebee6"",""menu_37b38ac2c9640e60d182"",""menu_f5d0b4a797585275136a"",""menu_12e8ac2a393d2436fb17"",""menu_d98fe949288438d189b1"",""menu_048ebbedcd80fd5a4c0c"",""menu_3d14a5712e7f1edb7eaf"",""menu_87dc41f8a8356f182c55""]"
990393dc-1b1d-5a1a-9ccd-2b0c4ac60572,Bánh bao,name,ed058b8a-d0db-5944-9af4-962df535ba27,menu-catalogue,owner_grouping,Tên món gốc theo mapping owner đã chốt; sourceNames không phải alias.,"[""menu_30f5a26a11af0f7b74f5"",""menu_756501d5ffdb5a98832a""]"
990393dc-1b1d-5a1a-9ccd-2b0c4ac60572,Bánh bao,categoryCodes,4b8e096d-2210-5cf6-b0e6-384a213b37aa,wiki-bao,reference,"Họ món theo menu/owner, cách hấp được nguồn tham khảo mô tả rõ.",[]
990393dc-1b1d-5a1a-9ccd-2b0c4ac60572,Bánh bao,description,4b8e096d-2210-5cf6-b0e6-384a213b37aa,wiki-bao,reference,"Nguồn tham khảo mô tả đúng món; biên tập ngắn và giữ phạm vi biến thể, chưa review độc lập.",[]
990393dc-1b1d-5a1a-9ccd-2b0c4ac60572,Bánh bao,cuisineCodes,4b8e096d-2210-5cf6-b0e6-384a213b37aa,wiki-bao,reference,"Nguồn tham khảo mô tả đúng món; biên tập ngắn và giữ phạm vi biến thể, chưa review độc lập.",[]
990393dc-1b1d-5a1a-9ccd-2b0c4ac60572,Bánh bao,mealSlots,4b8e096d-2210-5cf6-b0e6-384a213b37aa,wiki-bao,reference,Nguồn nêu buổi ăn phổ biến; không thay lịch bán thực tế.,[]
a785a621-2cbc-5f16-9274-a47141a8e3c8,Bánh cuốn,name,ed058b8a-d0db-5944-9af4-962df535ba27,menu-catalogue,owner_grouping,Tên món gốc theo mapping owner đã chốt; sourceNames không phải alias.,"[""menu_500cfa38be779aeba130"",""menu_ed245b9a10338093acf8""]"
a785a621-2cbc-5f16-9274-a47141a8e3c8,Bánh cuốn,categoryCodes,2a5af80d-cf4a-50ac-a903-5fbafd476685,wiki-cuon,reference,"Họ món theo menu/owner, cách hấp được nguồn tham khảo mô tả rõ.",[]
a785a621-2cbc-5f16-9274-a47141a8e3c8,Bánh cuốn,description,2a5af80d-cf4a-50ac-a903-5fbafd476685,wiki-cuon,reference,"Nguồn tham khảo mô tả đúng món; biên tập ngắn và giữ phạm vi biến thể, chưa review độc lập.",[]
a785a621-2cbc-5f16-9274-a47141a8e3c8,Bánh cuốn,cuisineCodes,2a5af80d-cf4a-50ac-a903-5fbafd476685,wiki-cuon,reference,"Nguồn tham khảo mô tả đúng món; biên tập ngắn và giữ phạm vi biến thể, chưa review độc lập.",[]
a785a621-2cbc-5f16-9274-a47141a8e3c8,Bánh cuốn,mealSlots,2a5af80d-cf4a-50ac-a903-5fbafd476685,wiki-cuon,reference,Nguồn nêu buổi ăn phổ biến; không thay lịch bán thực tế.,[]
a785a621-2cbc-5f16-9274-a47141a8e3c8,Bánh cuốn,aliases,2a5af80d-cf4a-50ac-a903-5fbafd476685,wiki-cuon,reference,"Nguồn ghi Bánh quấn là alternative name, không phải topping/variant.",[]
a785a621-2cbc-5f16-9274-a47141a8e3c8,Bánh cuốn,origin,2a5af80d-cf4a-50ac-a903-5fbafd476685,wiki-cuon,reference,Nguồn nêu Bắc; nguồn gốc không xác định địa điểm bán.,[]
39da0965-df4e-5ca1-8741-bdb9aeb85f57,Bánh cuộn,name,ed058b8a-d0db-5944-9af4-962df535ba27,menu-catalogue,owner_grouping,Tên món gốc theo mapping owner đã chốt; sourceNames không phải alias.,"[""menu_650eacdbe4cff00416d3"",""menu_f9adec3a9043d7afe2f8"",""menu_9d9ba1ff47265d7c5600"",""menu_2d48fa143efbcbc76485"",""menu_e153e24190f97d8b307f"",""menu_e0eba3c9b78f4cb77910""]"
39da0965-df4e-5ca1-8741-bdb9aeb85f57,Bánh cuộn,categoryCodes,ed058b8a-d0db-5944-9af4-962df535ba27,menu-catalogue,owner_grouping,Họ món theo tên/nhóm menu và phạm vi gộp owner; không suy cách chế biến/thành phần.,"[""menu_650eacdbe4cff00416d3"",""menu_f9adec3a9043d7afe2f8"",""menu_9d9ba1ff47265d7c5600"",""menu_2d48fa143efbcbc76485"",""menu_e153e24190f97d8b307f"",""menu_e0eba3c9b78f4cb77910""]"
39da0965-df4e-5ca1-8741-bdb9aeb85f57,Bánh cuộn,description,ed058b8a-d0db-5944-9af4-962df535ba27,menu-catalogue,menu_scope,Mô tả phạm vi nhóm từ tên/menu/mô tả nguồn; không áp thành phần một biến thể cho cả nhóm.,"[""menu_650eacdbe4cff00416d3"",""menu_f9adec3a9043d7afe2f8"",""menu_9d9ba1ff47265d7c5600"",""menu_2d48fa143efbcbc76485"",""menu_e153e24190f97d8b307f"",""menu_e0eba3c9b78f4cb77910""]"
00cf348d-3c93-5940-b6ab-4fff39bcc886,Bánh mì,name,ed058b8a-d0db-5944-9af4-962df535ba27,menu-catalogue,owner_grouping,Tên món gốc theo mapping owner đã chốt; sourceNames không phải alias.,"[""menu_9f27a7f9309b73e5eed1"",""menu_b3e1acfbbd15c50ba691"",""menu_d0ec65277f25c495dc7c"",""menu_3dc8d65c0a4a51beb35c"",""menu_aabe636b97d179594b59"",""menu_68a2d7913c64e73e0f33"",""menu_a182dcac9cefa6b29ac4"",""menu_f39dd0d60d35ba5cfe41"",""menu_78afa09cec806e769bd2"",""menu_eb37c1ae9cb2febc5595"",""menu_f9c0db4092f5b6de8900"",""menu_1af6e5195f4fc77f97f7"",""menu_8f7565e50ea716d86c62"",""menu_952e852803be93374319"",""menu_2cf63c6d6bd87952292f"",""menu_8ab8064fac2bdb7042d1"",""menu_9f8bf55d47b0535cb6a1"",""menu_328db74816c52c8178bc"",""menu_93899b73a95322812895"",""menu_4068b5d1934ddc98557a"",""menu_d9a8e2975d3a958c41bd"",""menu_063738d6919ba8af4d4d"",""menu_9487bba63d26fc45a821"",""menu_4dab87a2f831123787f2"",""menu_70350b71b7ba6cba96d3"",""menu_7113b8c4202af5727d94"",""menu_383cc04c7c1b9b9b3db9"",""menu_6b551ae6af3cd7f32eb0"",""menu_590f0f5edde6d0347d3e"",""menu_35bc18bd766ffd63bc2f"",""menu_5d6a5a1e085e5d1862af"",""menu_68cc3a5bc4ea0edad7f8"",""menu_22543e90a67f3d31d0ba"",""menu_faf75d80dc8c7aa7b422"",""menu_26952d6eb7082c6ec130"",""menu_4f6eeb02e5f6592edada"",""menu_bd3a30bec5022b82dbc7""]"
00cf348d-3c93-5940-b6ab-4fff39bcc886,Bánh mì,categoryCodes,ed058b8a-d0db-5944-9af4-962df535ba27,menu-catalogue,owner_grouping,Họ món theo tên/nhóm menu và phạm vi gộp owner; không suy cách chế biến/thành phần.,"[""menu_9f27a7f9309b73e5eed1"",""menu_b3e1acfbbd15c50ba691"",""menu_d0ec65277f25c495dc7c"",""menu_3dc8d65c0a4a51beb35c"",""menu_aabe636b97d179594b59"",""menu_68a2d7913c64e73e0f33"",""menu_a182dcac9cefa6b29ac4"",""menu_f39dd0d60d35ba5cfe41"",""menu_78afa09cec806e769bd2"",""menu_eb37c1ae9cb2febc5595"",""menu_f9c0db4092f5b6de8900"",""menu_1af6e5195f4fc77f97f7"",""menu_8f7565e50ea716d86c62"",""menu_952e852803be93374319"",""menu_2cf63c6d6bd87952292f"",""menu_8ab8064fac2bdb7042d1"",""menu_9f8bf55d47b0535cb6a1"",""menu_328db74816c52c8178bc"",""menu_93899b73a95322812895"",""menu_4068b5d1934ddc98557a"",""menu_d9a8e2975d3a958c41bd"",""menu_063738d6919ba8af4d4d"",""menu_9487bba63d26fc45a821"",""menu_4dab87a2f831123787f2"",""menu_70350b71b7ba6cba96d3"",""menu_7113b8c4202af5727d94"",""menu_383cc04c7c1b9b9b3db9"",""menu_6b551ae6af3cd7f32eb0"",""menu_590f0f5edde6d0347d3e"",""menu_35bc18bd766ffd63bc2f"",""menu_5d6a5a1e085e5d1862af"",""menu_68cc3a5bc4ea0edad7f8"",""menu_22543e90a67f3d31d0ba"",""menu_faf75d80dc8c7aa7b422"",""menu_26952d6eb7082c6ec130"",""menu_4f6eeb02e5f6592edada"",""menu_bd3a30bec5022b82dbc7""]"
00cf348d-3c93-5940-b6ab-4fff39bcc886,Bánh mì,description,ed058b8a-d0db-5944-9af4-962df535ba27,menu-catalogue,menu_scope,Mô tả phạm vi nhóm từ tên/menu/mô tả nguồn; không áp thành phần một biến thể cho cả nhóm.,"[""menu_9f27a7f9309b73e5eed1"",""menu_b3e1acfbbd15c50ba691"",""menu_d0ec65277f25c495dc7c"",""menu_3dc8d65c0a4a51beb35c"",""menu_aabe636b97d179594b59"",""menu_68a2d7913c64e73e0f33"",""menu_a182dcac9cefa6b29ac4"",""menu_f39dd0d60d35ba5cfe41"",""menu_78afa09cec806e769bd2"",""menu_eb37c1ae9cb2febc5595"",""menu_f9c0db4092f5b6de8900"",""menu_1af6e5195f4fc77f97f7"",""menu_8f7565e50ea716d86c62"",""menu_952e852803be93374319"",""menu_2cf63c6d6bd87952292f"",""menu_8ab8064fac2bdb7042d1"",""menu_9f8bf55d47b0535cb6a1"",""menu_328db74816c52c8178bc"",""menu_93899b73a95322812895"",""menu_4068b5d1934ddc98557a"",""menu_d9a8e2975d3a958c41bd"",""menu_063738d6919ba8af4d4d"",""menu_9487bba63d26fc45a821"",""menu_4dab87a2f831123787f2"",""menu_70350b71b7ba6cba96d3"",""menu_7113b8c4202af5727d94"",""menu_383cc04c7c1b9b9b3db9"",""menu_6b551ae6af3cd7f32eb0"",""menu_590f0f5edde6d0347d3e"",""menu_35bc18bd766ffd63bc2f"",""menu_5d6a5a1e085e5d1862af"",""menu_68cc3a5bc4ea0edad7f8"",""menu_22543e90a67f3d31d0ba"",""menu_faf75d80dc8c7aa7b422"",""menu_26952d6eb7082c6ec130"",""menu_4f6eeb02e5f6592edada"",""menu_bd3a30bec5022b82dbc7""]"
620d6a2f-02a2-532f-b254-c37f3713ba04,Bánh ướt,name,ed058b8a-d0db-5944-9af4-962df535ba27,menu-catalogue,owner_grouping,Tên món gốc theo mapping owner đã chốt; sourceNames không phải alias.,"[""menu_fcba5a7097f21b5b2fb8"",""menu_c34f0f884b5603bb5cad""]"
620d6a2f-02a2-532f-b254-c37f3713ba04,Bánh ướt,categoryCodes,ed058b8a-d0db-5944-9af4-962df535ba27,menu-catalogue,owner_grouping,Họ món theo tên/nhóm menu và phạm vi gộp owner; không suy cách chế biến/thành phần.,"[""menu_fcba5a7097f21b5b2fb8"",""menu_c34f0f884b5603bb5cad""]"
620d6a2f-02a2-532f-b254-c37f3713ba04,Bánh ướt,description,2a5af80d-cf4a-50ac-a903-5fbafd476685,wiki-cuon,reference,"Nguồn tham khảo mô tả đúng món; biên tập ngắn và giữ phạm vi biến thể, chưa review độc lập.",[]
620d6a2f-02a2-532f-b254-c37f3713ba04,Bánh ướt,cuisineCodes,2a5af80d-cf4a-50ac-a903-5fbafd476685,wiki-cuon,reference,"Nguồn tham khảo mô tả đúng món; biên tập ngắn và giữ phạm vi biến thể, chưa review độc lập.",[]
ff74d5af-05b6-5f9a-9012-f8a2aadefb0c,Bún bò,name,ed058b8a-d0db-5944-9af4-962df535ba27,menu-catalogue,owner_grouping,Tên món gốc theo mapping owner đã chốt; sourceNames không phải alias.,"[""menu_028a60e0c694af9d1dd9"",""menu_713c13813856ec31cd41"",""menu_185b58930610477e92a0"",""menu_d990c1bcba36dad1919f"",""menu_fe5f7aebe3e0b0877f60"",""menu_3dc76f5695b35349f545"",""menu_e0176818122939dfd7b1"",""menu_6aecf265e0b3dd38db25"",""menu_46b445684f87d612e38b"",""menu_bf5f8b9c923deb5f19e4"",""menu_19a3dd1c2e3c740387e2"",""menu_0aa1ced4d41357d1a929"",""menu_3665369c8910b0fff0d1"",""menu_910c92238d15099cc004"",""menu_a3228b632124109f14be"",""menu_52042c9911fad6fa81c1"",""menu_484da662f67a20fd007d"",""menu_79f2d1afde50f57879b7"",""menu_24cf32183c0789bb727d"",""menu_ecf8f37e28fb63142f81"",""menu_21477da06ac5d200903f"",""menu_b32814962796589cf8f1"",""menu_93b8acb014059b29195e"",""menu_6b01a9cad699439ad9b4"",""menu_1d385a20dd405ebff270"",""menu_18405c461501c1ded2b1"",""menu_9d336919d4840a16eca7"",""menu_e0610254b162c14bd764"",""menu_61423f3d1f9f358fe551"",""menu_650cc70ac8049e2847ed"",""menu_f3910940e2bc77fe66c7"",""menu_8f27d2705fe659681eca"",""menu_8b0862121e4192954850"",""menu_e42e740072c89390bbb1"",""menu_c181071d9145bb1563ae""]"
ff74d5af-05b6-5f9a-9012-f8a2aadefb0c,Bún bò,categoryCodes,ed058b8a-d0db-5944-9af4-962df535ba27,menu-catalogue,owner_grouping,Họ món theo tên/nhóm menu và phạm vi gộp owner; không suy cách chế biến/thành phần.,"[""menu_028a60e0c694af9d1dd9"",""menu_713c13813856ec31cd41"",""menu_185b58930610477e92a0"",""menu_d990c1bcba36dad1919f"",""menu_fe5f7aebe3e0b0877f60"",""menu_3dc76f5695b35349f545"",""menu_e0176818122939dfd7b1"",""menu_6aecf265e0b3dd38db25"",""menu_46b445684f87d612e38b"",""menu_bf5f8b9c923deb5f19e4"",""menu_19a3dd1c2e3c740387e2"",""menu_0aa1ced4d41357d1a929"",""menu_3665369c8910b0fff0d1"",""menu_910c92238d15099cc004"",""menu_a3228b632124109f14be"",""menu_52042c9911fad6fa81c1"",""menu_484da662f67a20fd007d"",""menu_79f2d1afde50f57879b7"",""menu_24cf32183c0789bb727d"",""menu_ecf8f37e28fb63142f81"",""menu_21477da06ac5d200903f"",""menu_b32814962796589cf8f1"",""menu_93b8acb014059b29195e"",""menu_6b01a9cad699439ad9b4"",""menu_1d385a20dd405ebff270"",""menu_18405c461501c1ded2b1"",""menu_9d336919d4840a16eca7"",""menu_e0610254b162c14bd764"",""menu_61423f3d1f9f358fe551"",""menu_650cc70ac8049e2847ed"",""menu_f3910940e2bc77fe66c7"",""menu_8f27d2705fe659681eca"",""menu_8b0862121e4192954850"",""menu_e42e740072c89390bbb1"",""menu_c181071d9145bb1563ae""]"
ff74d5af-05b6-5f9a-9012-f8a2aadefb0c,Bún bò,description,ed058b8a-d0db-5944-9af4-962df535ba27,menu-catalogue,menu_scope,Mô tả phạm vi nhóm từ tên/menu/mô tả nguồn; không áp thành phần một biến thể cho cả nhóm.,"[""menu_028a60e0c694af9d1dd9"",""menu_713c13813856ec31cd41"",""menu_185b58930610477e92a0"",""menu_d990c1bcba36dad1919f"",""menu_fe5f7aebe3e0b0877f60"",""menu_3dc76f5695b35349f545"",""menu_e0176818122939dfd7b1"",""menu_6aecf265e0b3dd38db25"",""menu_46b445684f87d612e38b"",""menu_bf5f8b9c923deb5f19e4"",""menu_19a3dd1c2e3c740387e2"",""menu_0aa1ced4d41357d1a929"",""menu_3665369c8910b0fff0d1"",""menu_910c92238d15099cc004"",""menu_a3228b632124109f14be"",""menu_52042c9911fad6fa81c1"",""menu_484da662f67a20fd007d"",""menu_79f2d1afde50f57879b7"",""menu_24cf32183c0789bb727d"",""menu_ecf8f37e28fb63142f81"",""menu_21477da06ac5d200903f"",""menu_b32814962796589cf8f1"",""menu_93b8acb014059b29195e"",""menu_6b01a9cad699439ad9b4"",""menu_1d385a20dd405ebff270"",""menu_18405c461501c1ded2b1"",""menu_9d336919d4840a16eca7"",""menu_e0610254b162c14bd764"",""menu_61423f3d1f9f358fe551"",""menu_650cc70ac8049e2847ed"",""menu_f3910940e2bc77fe66c7"",""menu_8f27d2705fe659681eca"",""menu_8b0862121e4192954850"",""menu_e42e740072c89390bbb1"",""menu_c181071d9145bb1563ae""]"
fe39887f-b79c-5981-8f0a-6e50c4a5dc54,Bún bò chay,name,ed058b8a-d0db-5944-9af4-962df535ba27,menu-catalogue,owner_grouping,Tên món gốc theo mapping owner đã chốt; sourceNames không phải alias.,"[""menu_ab2c37e258a6066f72c9""]"
fe39887f-b79c-5981-8f0a-6e50c4a5dc54,Bún bò chay,categoryCodes,ed058b8a-d0db-5944-9af4-962df535ba27,menu-catalogue,owner_grouping,Họ món theo tên/nhóm menu và phạm vi gộp owner; không suy cách chế biến/thành phần.,"[""menu_ab2c37e258a6066f72c9""]"
fe39887f-b79c-5981-8f0a-6e50c4a5dc54,Bún bò chay,description,ed058b8a-d0db-5944-9af4-962df535ba27,menu-catalogue,menu_scope,Mô tả phạm vi nhóm từ tên/menu/mô tả nguồn; không áp thành phần một biến thể cho cả nhóm.,"[""menu_ab2c37e258a6066f72c9""]"
52c6435f-c967-5820-8e76-b1917291a1ef,Bún chay,name,ed058b8a-d0db-5944-9af4-962df535ba27,menu-catalogue,owner_grouping,Tên món gốc theo mapping owner đã chốt; sourceNames không phải alias.,"[""menu_7b42359df8a71ec9ff28"",""menu_2f89f3d1c5509bf46b72""]"
52c6435f-c967-5820-8e76-b1917291a1ef,Bún chay,categoryCodes,ed058b8a-d0db-5944-9af4-962df535ba27,menu-catalogue,owner_grouping,Họ món theo tên/nhóm menu và phạm vi gộp owner; không suy cách chế biến/thành phần.,"[""menu_7b42359df8a71ec9ff28"",""menu_2f89f3d1c5509bf46b72""]"
52c6435f-c967-5820-8e76-b1917291a1ef,Bún chay,description,ed058b8a-d0db-5944-9af4-962df535ba27,menu-catalogue,menu_scope,Mô tả phạm vi nhóm từ tên/menu/mô tả nguồn; không áp thành phần một biến thể cho cả nhóm.,"[""menu_7b42359df8a71ec9ff28"",""menu_2f89f3d1c5509bf46b72""]"
807a5dfe-64b0-5137-ac00-6f95882830d6,Bún gạo lứt,name,ed058b8a-d0db-5944-9af4-962df535ba27,menu-catalogue,owner_grouping,Tên món gốc theo mapping owner đã chốt; sourceNames không phải alias.,"[""menu_c0c776472db075d49c23"",""menu_0d7fad72d4d3c37cb802""]"
807a5dfe-64b0-5137-ac00-6f95882830d6,Bún gạo lứt,categoryCodes,ed058b8a-d0db-5944-9af4-962df535ba27,menu-catalogue,owner_grouping,Họ món theo tên/nhóm menu và phạm vi gộp owner; không suy cách chế biến/thành phần.,"[""menu_c0c776472db075d49c23"",""menu_0d7fad72d4d3c37cb802""]"
807a5dfe-64b0-5137-ac00-6f95882830d6,Bún gạo lứt,description,ed058b8a-d0db-5944-9af4-962df535ba27,menu-catalogue,menu_scope,Mô tả phạm vi nhóm từ tên/menu/mô tả nguồn; không áp thành phần một biến thể cho cả nhóm.,"[""menu_c0c776472db075d49c23"",""menu_0d7fad72d4d3c37cb802""]"
4a8ac4a8-b566-5032-be38-48f00e6a53b9,Bún mọc,name,ed058b8a-d0db-5944-9af4-962df535ba27,menu-catalogue,owner_grouping,Tên món gốc theo mapping owner đã chốt; sourceNames không phải alias.,"[""menu_fe76fc3c13c8a6213c25""]"
4a8ac4a8-b566-5032-be38-48f00e6a53b9,Bún mọc,categoryCodes,ed058b8a-d0db-5944-9af4-962df535ba27,menu-catalogue,owner_grouping,Họ món theo tên/nhóm menu và phạm vi gộp owner; không suy cách chế biến/thành phần.,"[""menu_fe76fc3c13c8a6213c25""]"
e6558eda-db0f-5583-bbf5-be4f7da8f2f9,Bún nem nướng,name,ed058b8a-d0db-5944-9af4-962df535ba27,menu-catalogue,owner_grouping,Tên món gốc theo mapping owner đã chốt; sourceNames không phải alias.,"[""menu_4955c51eca8e6c72c54f"",""menu_edcf4311e6bdedcb5823"",""menu_d5738a5eb1dbeb4bc040"",""menu_186a646d60dcf2097ec6""]"
e6558eda-db0f-5583-bbf5-be4f7da8f2f9,Bún nem nướng,categoryCodes,ed058b8a-d0db-5944-9af4-962df535ba27,menu-catalogue,owner_grouping,Họ món theo tên/nhóm menu và phạm vi gộp owner; không suy cách chế biến/thành phần.,"[""menu_4955c51eca8e6c72c54f"",""menu_edcf4311e6bdedcb5823"",""menu_d5738a5eb1dbeb4bc040"",""menu_186a646d60dcf2097ec6""]"
e6558eda-db0f-5583-bbf5-be4f7da8f2f9,Bún nem nướng,description,ed058b8a-d0db-5944-9af4-962df535ba27,menu-catalogue,menu_scope,Mô tả phạm vi nhóm từ tên/menu/mô tả nguồn; không áp thành phần một biến thể cho cả nhóm.,"[""menu_4955c51eca8e6c72c54f"",""menu_edcf4311e6bdedcb5823"",""menu_d5738a5eb1dbeb4bc040"",""menu_186a646d60dcf2097ec6""]"
79c72911-92fc-5af0-9f7f-b8c476542e7f,Bún riêu,name,ed058b8a-d0db-5944-9af4-962df535ba27,menu-catalogue,owner_grouping,Tên món gốc theo mapping owner đã chốt; sourceNames không phải alias.,"[""menu_4a9609802452ab5ebc7c"",""menu_809116427eff03becc18"",""menu_47d4c659bdd81c277d02"",""menu_cee94deafa33c33c963f""]"
79c72911-92fc-5af0-9f7f-b8c476542e7f,Bún riêu,categoryCodes,ed058b8a-d0db-5944-9af4-962df535ba27,menu-catalogue,owner_grouping,Họ món theo tên/nhóm menu và phạm vi gộp owner; không suy cách chế biến/thành phần.,"[""menu_4a9609802452ab5ebc7c"",""menu_809116427eff03becc18"",""menu_47d4c659bdd81c277d02"",""menu_cee94deafa33c33c963f""]"
79c72911-92fc-5af0-9f7f-b8c476542e7f,Bún riêu,description,ed058b8a-d0db-5944-9af4-962df535ba27,menu-catalogue,menu_scope,Mô tả phạm vi nhóm từ tên/menu/mô tả nguồn; không áp thành phần một biến thể cho cả nhóm.,"[""menu_4a9609802452ab5ebc7c"",""menu_809116427eff03becc18"",""menu_47d4c659bdd81c277d02"",""menu_cee94deafa33c33c963f""]"
db666124-3676-5609-8dc4-b313a1809358,Bún riêu chay,name,ed058b8a-d0db-5944-9af4-962df535ba27,menu-catalogue,owner_grouping,Tên món gốc theo mapping owner đã chốt; sourceNames không phải alias.,"[""menu_b385bfd69e100fe6181a""]"
db666124-3676-5609-8dc4-b313a1809358,Bún riêu chay,categoryCodes,ed058b8a-d0db-5944-9af4-962df535ba27,menu-catalogue,owner_grouping,Họ món theo tên/nhóm menu và phạm vi gộp owner; không suy cách chế biến/thành phần.,"[""menu_b385bfd69e100fe6181a""]"
db666124-3676-5609-8dc4-b313a1809358,Bún riêu chay,description,ed058b8a-d0db-5944-9af4-962df535ba27,menu-catalogue,menu_scope,Mô tả phạm vi nhóm từ tên/menu/mô tả nguồn; không áp thành phần một biến thể cho cả nhóm.,"[""menu_b385bfd69e100fe6181a""]"
441e70be-0b06-521d-b5b9-7349386f14ad,Bún thịt nướng,name,ed058b8a-d0db-5944-9af4-962df535ba27,menu-catalogue,owner_grouping,Tên món gốc theo mapping owner đã chốt; sourceNames không phải alias.,"[""menu_42e351d60faa9b17eb3c"",""menu_5c335eeb61a699af929d"",""menu_69b7785601a6f668ac45""]"
441e70be-0b06-521d-b5b9-7349386f14ad,Bún thịt nướng,categoryCodes,ed058b8a-d0db-5944-9af4-962df535ba27,menu-catalogue,owner_grouping,Họ món theo tên/nhóm menu và phạm vi gộp owner; không suy cách chế biến/thành phần.,"[""menu_42e351d60faa9b17eb3c"",""menu_5c335eeb61a699af929d"",""menu_69b7785601a6f668ac45""]"
441e70be-0b06-521d-b5b9-7349386f14ad,Bún thịt nướng,description,ed058b8a-d0db-5944-9af4-962df535ba27,menu-catalogue,menu_scope,Mô tả phạm vi nhóm từ tên/menu/mô tả nguồn; không áp thành phần một biến thể cho cả nhóm.,"[""menu_42e351d60faa9b17eb3c"",""menu_5c335eeb61a699af929d"",""menu_69b7785601a6f668ac45""]"
d320d9fe-0b53-539f-98ce-87ac91cf2dbb,Bún đậu,name,ed058b8a-d0db-5944-9af4-962df535ba27,menu-catalogue,owner_grouping,Tên món gốc theo mapping owner đã chốt; sourceNames không phải alias.,"[""menu_7e35ac25f061e4e594fa"",""menu_4488322a439a10abcd15"",""menu_e05608e52c8999235009"",""menu_a7731ed4812777124ba1"",""menu_758b1c3c06b57a5f0756"",""menu_a830517fa3c3d2454f1d"",""menu_099ff3f77ffb57f57be2"",""menu_cf554dc3ccc79bbaf901""]"
d320d9fe-0b53-539f-98ce-87ac91cf2dbb,Bún đậu,categoryCodes,ed058b8a-d0db-5944-9af4-962df535ba27,menu-catalogue,owner_grouping,Họ món theo tên/nhóm menu và phạm vi gộp owner; không suy cách chế biến/thành phần.,"[""menu_7e35ac25f061e4e594fa"",""menu_4488322a439a10abcd15"",""menu_e05608e52c8999235009"",""menu_a7731ed4812777124ba1"",""menu_758b1c3c06b57a5f0756"",""menu_a830517fa3c3d2454f1d"",""menu_099ff3f77ffb57f57be2"",""menu_cf554dc3ccc79bbaf901""]"
d320d9fe-0b53-539f-98ce-87ac91cf2dbb,Bún đậu,description,ed058b8a-d0db-5944-9af4-962df535ba27,menu-catalogue,menu_scope,Mô tả phạm vi nhóm từ tên/menu/mô tả nguồn; không áp thành phần một biến thể cho cả nhóm.,"[""menu_7e35ac25f061e4e594fa"",""menu_4488322a439a10abcd15"",""menu_e05608e52c8999235009"",""menu_a7731ed4812777124ba1"",""menu_758b1c3c06b57a5f0756"",""menu_a830517fa3c3d2454f1d"",""menu_099ff3f77ffb57f57be2"",""menu_cf554dc3ccc79bbaf901""]"
864f37d1-97e9-57bc-bce5-351668f703da,Cơm bò,name,ed058b8a-d0db-5944-9af4-962df535ba27,menu-catalogue,owner_grouping,Tên món gốc theo mapping owner đã chốt; sourceNames không phải alias.,"[""menu_9b922b472a10f035ce17""]"
864f37d1-97e9-57bc-bce5-351668f703da,Cơm bò,categoryCodes,ed058b8a-d0db-5944-9af4-962df535ba27,menu-catalogue,owner_grouping,Họ món theo tên/nhóm menu và phạm vi gộp owner; không suy cách chế biến/thành phần.,"[""menu_9b922b472a10f035ce17""]"
864f37d1-97e9-57bc-bce5-351668f703da,Cơm bò,description,ed058b8a-d0db-5944-9af4-962df535ba27,menu-catalogue,menu_scope,Mô tả phạm vi nhóm từ tên/menu/mô tả nguồn; không áp thành phần một biến thể cho cả nhóm.,"[""menu_9b922b472a10f035ce17""]"
f9224f9d-f9e2-5b4b-a328-0db75c978c2a,Cơm canh khổ qua,name,ed058b8a-d0db-5944-9af4-962df535ba27,menu-catalogue,owner_grouping,Tên món gốc theo mapping owner đã chốt; sourceNames không phải alias.,"[""menu_02caf3bd117b33b87a54""]"
f9224f9d-f9e2-5b4b-a328-0db75c978c2a,Cơm canh khổ qua,categoryCodes,ed058b8a-d0db-5944-9af4-962df535ba27,menu-catalogue,owner_grouping,Họ món theo tên/nhóm menu và phạm vi gộp owner; không suy cách chế biến/thành phần.,"[""menu_02caf3bd117b33b87a54""]"
16ad89fb-0bc1-5d43-b8d0-4285916a69dc,Cơm chay,name,ed058b8a-d0db-5944-9af4-962df535ba27,menu-catalogue,owner_grouping,Tên món gốc theo mapping owner đã chốt; sourceNames không phải alias.,"[""menu_b2c630badddaeeaa5e5e"",""menu_c4b9236e3c96bd16ad15"",""menu_f103efc59644a7da92fe"",""menu_34154d376528426660a2"",""menu_82ccacfdf7c5fa3b0279"",""menu_500fcb94fc244e992461"",""menu_cad894f8ad34ec7ffd4a"",""menu_c7fe75b991b64a5b6e0a"",""menu_32f5ee4efd43201cc667"",""menu_a0c2ffd89122ec2495d7"",""menu_d77c7a48447b5f5a09ff"",""menu_745e01a04f03f773a2e6"",""menu_48850a82a1392cbe6e81"",""menu_277d212aca4c58a7e1e9""]"
16ad89fb-0bc1-5d43-b8d0-4285916a69dc,Cơm chay,categoryCodes,ed058b8a-d0db-5944-9af4-962df535ba27,menu-catalogue,owner_grouping,Họ món theo tên/nhóm menu và phạm vi gộp owner; không suy cách chế biến/thành phần.,"[""menu_b2c630badddaeeaa5e5e"",""menu_c4b9236e3c96bd16ad15"",""menu_f103efc59644a7da92fe"",""menu_34154d376528426660a2"",""menu_82ccacfdf7c5fa3b0279"",""menu_500fcb94fc244e992461"",""menu_cad894f8ad34ec7ffd4a"",""menu_c7fe75b991b64a5b6e0a"",""menu_32f5ee4efd43201cc667"",""menu_a0c2ffd89122ec2495d7"",""menu_d77c7a48447b5f5a09ff"",""menu_745e01a04f03f773a2e6"",""menu_48850a82a1392cbe6e81"",""menu_277d212aca4c58a7e1e9""]"
16ad89fb-0bc1-5d43-b8d0-4285916a69dc,Cơm chay,description,ed058b8a-d0db-5944-9af4-962df535ba27,menu-catalogue,menu_scope,Mô tả phạm vi nhóm từ tên/menu/mô tả nguồn; không áp thành phần một biến thể cho cả nhóm.,"[""menu_b2c630badddaeeaa5e5e"",""menu_c4b9236e3c96bd16ad15"",""menu_f103efc59644a7da92fe"",""menu_34154d376528426660a2"",""menu_82ccacfdf7c5fa3b0279"",""menu_500fcb94fc244e992461"",""menu_cad894f8ad34ec7ffd4a"",""menu_c7fe75b991b64a5b6e0a"",""menu_32f5ee4efd43201cc667"",""menu_a0c2ffd89122ec2495d7"",""menu_d77c7a48447b5f5a09ff"",""menu_745e01a04f03f773a2e6"",""menu_48850a82a1392cbe6e81"",""menu_277d212aca4c58a7e1e9""]"
da40f225-25dd-5527-b535-ae5d48e15b9d,Cơm chiên,name,ed058b8a-d0db-5944-9af4-962df535ba27,menu-catalogue,owner_grouping,Tên món gốc theo mapping owner đã chốt; sourceNames không phải alias.,"[""menu_1bbd6745ba85a50ca9c3"",""menu_d4a1d18ba4afb76e5226""]"
da40f225-25dd-5527-b535-ae5d48e15b9d,Cơm chiên,categoryCodes,ed058b8a-d0db-5944-9af4-962df535ba27,menu-catalogue,owner_grouping,Họ món theo tên/nhóm menu và phạm vi gộp owner; không suy cách chế biến/thành phần.,"[""menu_1bbd6745ba85a50ca9c3"",""menu_d4a1d18ba4afb76e5226""]"
da40f225-25dd-5527-b535-ae5d48e15b9d,Cơm chiên,description,ed058b8a-d0db-5944-9af4-962df535ba27,menu-catalogue,menu_scope,Mô tả phạm vi nhóm từ tên/menu/mô tả nguồn; không áp thành phần một biến thể cho cả nhóm.,"[""menu_1bbd6745ba85a50ca9c3"",""menu_d4a1d18ba4afb76e5226""]"
01e12db6-8014-5e84-bc53-398af27ad314,Cơm cá chiên,name,ed058b8a-d0db-5944-9af4-962df535ba27,menu-catalogue,owner_grouping,Tên món gốc theo mapping owner đã chốt; sourceNames không phải alias.,"[""menu_dae6d281baa4cb0949cf""]"
01e12db6-8014-5e84-bc53-398af27ad314,Cơm cá chiên,categoryCodes,ed058b8a-d0db-5944-9af4-962df535ba27,menu-catalogue,owner_grouping,Họ món theo tên/nhóm menu và phạm vi gộp owner; không suy cách chế biến/thành phần.,"[""menu_dae6d281baa4cb0949cf""]"
01e12db6-8014-5e84-bc53-398af27ad314,Cơm cá chiên,description,ed058b8a-d0db-5944-9af4-962df535ba27,menu-catalogue,menu_scope,Mô tả phạm vi nhóm từ tên/menu/mô tả nguồn; không áp thành phần một biến thể cho cả nhóm.,"[""menu_dae6d281baa4cb0949cf""]"
f518af1a-6744-545a-83b4-4fa14d590a43,Cơm cá kho,name,ed058b8a-d0db-5944-9af4-962df535ba27,menu-catalogue,owner_grouping,Tên món gốc theo mapping owner đã chốt; sourceNames không phải alias.,"[""menu_0fb1066b202b6a570091"",""menu_eda3e213ee2ff1d749b2"",""menu_3e5f958f43eb66887651""]"
f518af1a-6744-545a-83b4-4fa14d590a43,Cơm cá kho,categoryCodes,ed058b8a-d0db-5944-9af4-962df535ba27,menu-catalogue,owner_grouping,Họ món theo tên/nhóm menu và phạm vi gộp owner; không suy cách chế biến/thành phần.,"[""menu_0fb1066b202b6a570091"",""menu_eda3e213ee2ff1d749b2"",""menu_3e5f958f43eb66887651""]"
b115bf23-4277-5a5d-a439-002b0ceda3ce,Cơm gà,name,ed058b8a-d0db-5944-9af4-962df535ba27,menu-catalogue,owner_grouping,Tên món gốc theo mapping owner đã chốt; sourceNames không phải alias.,"[""menu_f3b1dce2424b2af175d2"",""menu_a654cb46f37e50e7c289"",""menu_9b900050d66d8e4d4430"",""menu_e9feaedf570282b04aa3"",""menu_11ff051045a4eea958ae"",""menu_eefa618e0a50dffdaa5c"",""menu_7163161037896aab399c"",""menu_0adeae409eb0ad26ef33"",""menu_bae66c3ae66e0322eaac""]"
b115bf23-4277-5a5d-a439-002b0ceda3ce,Cơm gà,categoryCodes,ed058b8a-d0db-5944-9af4-962df535ba27,menu-catalogue,owner_grouping,Họ món theo tên/nhóm menu và phạm vi gộp owner; không suy cách chế biến/thành phần.,"[""menu_f3b1dce2424b2af175d2"",""menu_a654cb46f37e50e7c289"",""menu_9b900050d66d8e4d4430"",""menu_e9feaedf570282b04aa3"",""menu_11ff051045a4eea958ae"",""menu_eefa618e0a50dffdaa5c"",""menu_7163161037896aab399c"",""menu_0adeae409eb0ad26ef33"",""menu_bae66c3ae66e0322eaac""]"
b115bf23-4277-5a5d-a439-002b0ceda3ce,Cơm gà,description,ed058b8a-d0db-5944-9af4-962df535ba27,menu-catalogue,menu_scope,Mô tả phạm vi nhóm từ tên/menu/mô tả nguồn; không áp thành phần một biến thể cho cả nhóm.,"[""menu_f3b1dce2424b2af175d2"",""menu_a654cb46f37e50e7c289"",""menu_9b900050d66d8e4d4430"",""menu_e9feaedf570282b04aa3"",""menu_11ff051045a4eea958ae"",""menu_eefa618e0a50dffdaa5c"",""menu_7163161037896aab399c"",""menu_0adeae409eb0ad26ef33"",""menu_bae66c3ae66e0322eaac""]"
37e032fb-1a78-5b5c-833d-c5362ba14445,Cơm sườn,name,ed058b8a-d0db-5944-9af4-962df535ba27,menu-catalogue,owner_grouping,Tên món gốc theo mapping owner đã chốt; sourceNames không phải alias.,"[""menu_3fab60bacc6b85b97dff"",""menu_9088be3e1160f96e4100"",""menu_7e770ee9a93604f7edd1""]"
37e032fb-1a78-5b5c-833d-c5362ba14445,Cơm sườn,categoryCodes,ed058b8a-d0db-5944-9af4-962df535ba27,menu-catalogue,owner_grouping,Họ món theo tên/nhóm menu và phạm vi gộp owner; không suy cách chế biến/thành phần.,"[""menu_3fab60bacc6b85b97dff"",""menu_9088be3e1160f96e4100"",""menu_7e770ee9a93604f7edd1""]"
37e032fb-1a78-5b5c-833d-c5362ba14445,Cơm sườn,description,ed058b8a-d0db-5944-9af4-962df535ba27,menu-catalogue,menu_scope,Mô tả phạm vi nhóm từ tên/menu/mô tả nguồn; không áp thành phần một biến thể cho cả nhóm.,"[""menu_3fab60bacc6b85b97dff"",""menu_9088be3e1160f96e4100"",""menu_7e770ee9a93604f7edd1""]"
a7619de7-cecd-558c-9e8a-dcdedd82465a,Cơm thịt kho,name,ed058b8a-d0db-5944-9af4-962df535ba27,menu-catalogue,owner_grouping,Tên món gốc theo mapping owner đã chốt; sourceNames không phải alias.,"[""menu_223a88513e71d12943f8"",""menu_d7904c475153a18f71e0"",""menu_536e8d30b0c254ec73ae"",""menu_0ba8eaef1176deeca9b5"",""menu_f169551637c0e308ab9b""]"
a7619de7-cecd-558c-9e8a-dcdedd82465a,Cơm thịt kho,categoryCodes,ed058b8a-d0db-5944-9af4-962df535ba27,menu-catalogue,owner_grouping,Họ món theo tên/nhóm menu và phạm vi gộp owner; không suy cách chế biến/thành phần.,"[""menu_223a88513e71d12943f8"",""menu_d7904c475153a18f71e0"",""menu_536e8d30b0c254ec73ae"",""menu_0ba8eaef1176deeca9b5"",""menu_f169551637c0e308ab9b""]"
a7619de7-cecd-558c-9e8a-dcdedd82465a,Cơm thịt kho,description,ed058b8a-d0db-5944-9af4-962df535ba27,menu-catalogue,menu_scope,Mô tả phạm vi nhóm từ tên/menu/mô tả nguồn; không áp thành phần một biến thể cho cả nhóm.,"[""menu_223a88513e71d12943f8"",""menu_d7904c475153a18f71e0"",""menu_536e8d30b0c254ec73ae"",""menu_0ba8eaef1176deeca9b5"",""menu_f169551637c0e308ab9b""]"
d9756559-2697-565c-86e0-36cf39c4da49,Cơm trộn,name,ed058b8a-d0db-5944-9af4-962df535ba27,menu-catalogue,owner_grouping,Tên món gốc theo mapping owner đã chốt; sourceNames không phải alias.,"[""menu_18d0cf359b88f272147e"",""menu_719211d81001ca214099"",""menu_25dd6c7143d26252e7f9"",""menu_78889514181ef7b0a575""]"
d9756559-2697-565c-86e0-36cf39c4da49,Cơm trộn,categoryCodes,ed058b8a-d0db-5944-9af4-962df535ba27,menu-catalogue,owner_grouping,Họ món theo tên/nhóm menu và phạm vi gộp owner; không suy cách chế biến/thành phần.,"[""menu_18d0cf359b88f272147e"",""menu_719211d81001ca214099"",""menu_25dd6c7143d26252e7f9"",""menu_78889514181ef7b0a575""]"
d9756559-2697-565c-86e0-36cf39c4da49,Cơm trộn,description,ed058b8a-d0db-5944-9af4-962df535ba27,menu-catalogue,menu_scope,Mô tả phạm vi nhóm từ tên/menu/mô tả nguồn; không áp thành phần một biến thể cho cả nhóm.,"[""menu_18d0cf359b88f272147e"",""menu_719211d81001ca214099"",""menu_25dd6c7143d26252e7f9"",""menu_78889514181ef7b0a575""]"
e0a99abc-3bb4-54e5-85ea-0361df2098b7,Cơm tôm rim,name,ed058b8a-d0db-5944-9af4-962df535ba27,menu-catalogue,owner_grouping,Tên món gốc theo mapping owner đã chốt; sourceNames không phải alias.,"[""menu_3ddf601a91601f8a54ce""]"
e0a99abc-3bb4-54e5-85ea-0361df2098b7,Cơm tôm rim,categoryCodes,ed058b8a-d0db-5944-9af4-962df535ba27,menu-catalogue,owner_grouping,Họ món theo tên/nhóm menu và phạm vi gộp owner; không suy cách chế biến/thành phần.,"[""menu_3ddf601a91601f8a54ce""]"
fc959eeb-033c-54b6-b8a2-9d7c6982803e,Cơm tấm,name,ed058b8a-d0db-5944-9af4-962df535ba27,menu-catalogue,owner_grouping,Tên món gốc theo mapping owner đã chốt; sourceNames không phải alias.,"[""menu_28efc43664aa320f0ad5"",""menu_f3d440a69d633aa5dea5"",""menu_d819fcd8bb3b1c0f989a"",""menu_8d4be8fd39b0d561440e"",""menu_813ed0d2e7a127d00b47"",""menu_e2b3d5c2f85e31e3ce89"",""menu_c3f2ed4ff03882701a20"",""menu_1d4d9f73066a4548670f"",""menu_b7e3442a37aec60f0886"",""menu_119cfebac0e8cbcbcc5c"",""menu_319b55951dcf88a201c6"",""menu_ca65442aa17ebc4d00d8"",""menu_f089ebdf1cf0409a152f"",""menu_acccc5e3f6bf86ab9c32"",""menu_f89f2b0e8831e718d80f""]"
fc959eeb-033c-54b6-b8a2-9d7c6982803e,Cơm tấm,categoryCodes,ed058b8a-d0db-5944-9af4-962df535ba27,menu-catalogue,owner_grouping,Họ món theo tên/nhóm menu và phạm vi gộp owner; không suy cách chế biến/thành phần.,"[""menu_28efc43664aa320f0ad5"",""menu_f3d440a69d633aa5dea5"",""menu_d819fcd8bb3b1c0f989a"",""menu_8d4be8fd39b0d561440e"",""menu_813ed0d2e7a127d00b47"",""menu_e2b3d5c2f85e31e3ce89"",""menu_c3f2ed4ff03882701a20"",""menu_1d4d9f73066a4548670f"",""menu_b7e3442a37aec60f0886"",""menu_119cfebac0e8cbcbcc5c"",""menu_319b55951dcf88a201c6"",""menu_ca65442aa17ebc4d00d8"",""menu_f089ebdf1cf0409a152f"",""menu_acccc5e3f6bf86ab9c32"",""menu_f89f2b0e8831e718d80f""]"
fc959eeb-033c-54b6-b8a2-9d7c6982803e,Cơm tấm,description,ed058b8a-d0db-5944-9af4-962df535ba27,menu-catalogue,menu_scope,Mô tả phạm vi nhóm từ tên/menu/mô tả nguồn; không áp thành phần một biến thể cho cả nhóm.,"[""menu_28efc43664aa320f0ad5"",""menu_f3d440a69d633aa5dea5"",""menu_d819fcd8bb3b1c0f989a"",""menu_8d4be8fd39b0d561440e"",""menu_813ed0d2e7a127d00b47"",""menu_e2b3d5c2f85e31e3ce89"",""menu_c3f2ed4ff03882701a20"",""menu_1d4d9f73066a4548670f"",""menu_b7e3442a37aec60f0886"",""menu_119cfebac0e8cbcbcc5c"",""menu_319b55951dcf88a201c6"",""menu_ca65442aa17ebc4d00d8"",""menu_f089ebdf1cf0409a152f"",""menu_acccc5e3f6bf86ab9c32"",""menu_f89f2b0e8831e718d80f""]"
9cbc5485-896f-5725-bc54-c7d637f54770,Cơm đậu hủ sốt cà,name,ed058b8a-d0db-5944-9af4-962df535ba27,menu-catalogue,owner_grouping,Tên món gốc theo mapping owner đã chốt; sourceNames không phải alias.,"[""menu_76c7ef46aca8d2643afc""]"
9cbc5485-896f-5725-bc54-c7d637f54770,Cơm đậu hủ sốt cà,categoryCodes,ed058b8a-d0db-5944-9af4-962df535ba27,menu-catalogue,owner_grouping,Họ món theo tên/nhóm menu và phạm vi gộp owner; không suy cách chế biến/thành phần.,"[""menu_76c7ef46aca8d2643afc""]"
c5bbbe58-91c4-5819-8813-a531825073b6,Hủ tiếu,name,ed058b8a-d0db-5944-9af4-962df535ba27,menu-catalogue,owner_grouping,Tên món gốc theo mapping owner đã chốt; sourceNames không phải alias.,"[""menu_68c1d55c04815ceb4d10"",""menu_b28ee85658b079b63371"",""menu_ff2a1671693f68c570fb""]"
c5bbbe58-91c4-5819-8813-a531825073b6,Hủ tiếu,categoryCodes,ed058b8a-d0db-5944-9af4-962df535ba27,menu-catalogue,owner_grouping,Họ món theo tên/nhóm menu và phạm vi gộp owner; không suy cách chế biến/thành phần.,"[""menu_68c1d55c04815ceb4d10"",""menu_b28ee85658b079b63371"",""menu_ff2a1671693f68c570fb""]"
c5bbbe58-91c4-5819-8813-a531825073b6,Hủ tiếu,description,ed058b8a-d0db-5944-9af4-962df535ba27,menu-catalogue,menu_scope,Mô tả phạm vi nhóm từ tên/menu/mô tả nguồn; không áp thành phần một biến thể cho cả nhóm.,"[""menu_68c1d55c04815ceb4d10"",""menu_b28ee85658b079b63371"",""menu_ff2a1671693f68c570fb""]"
c3f1f939-20a4-55b1-89af-42e3c95a33fa,Miến,name,ed058b8a-d0db-5944-9af4-962df535ba27,menu-catalogue,owner_grouping,Tên món gốc theo mapping owner đã chốt; sourceNames không phải alias.,"[""menu_88966dfa8a9163a7a409"",""menu_bb2bf3d856e95b1e2f82"",""menu_3188e4590e77e87204d5"",""menu_60ade44cd0eaa58a79ec""]"
c3f1f939-20a4-55b1-89af-42e3c95a33fa,Miến,categoryCodes,ed058b8a-d0db-5944-9af4-962df535ba27,menu-catalogue,owner_grouping,Họ món theo tên/nhóm menu và phạm vi gộp owner; không suy cách chế biến/thành phần.,"[""menu_88966dfa8a9163a7a409"",""menu_bb2bf3d856e95b1e2f82"",""menu_3188e4590e77e87204d5"",""menu_60ade44cd0eaa58a79ec""]"
c3f1f939-20a4-55b1-89af-42e3c95a33fa,Miến,description,ed058b8a-d0db-5944-9af4-962df535ba27,menu-catalogue,menu_scope,Mô tả phạm vi nhóm từ tên/menu/mô tả nguồn; không áp thành phần một biến thể cho cả nhóm.,"[""menu_88966dfa8a9163a7a409"",""menu_bb2bf3d856e95b1e2f82"",""menu_3188e4590e77e87204d5"",""menu_60ade44cd0eaa58a79ec""]"
69073532-dba4-59ab-917e-42971d5e81c3,Mì,name,ed058b8a-d0db-5944-9af4-962df535ba27,menu-catalogue,owner_grouping,Tên món gốc theo mapping owner đã chốt; sourceNames không phải alias.,"[""menu_1631d466455cd52472a0"",""menu_70ba964c0626f7b44a93"",""menu_af2aefac7a2679359adb"",""menu_6f9d19fccbbe51ed301a""]"
69073532-dba4-59ab-917e-42971d5e81c3,Mì,categoryCodes,ed058b8a-d0db-5944-9af4-962df535ba27,menu-catalogue,owner_grouping,Họ món theo tên/nhóm menu và phạm vi gộp owner; không suy cách chế biến/thành phần.,"[""menu_1631d466455cd52472a0"",""menu_70ba964c0626f7b44a93"",""menu_af2aefac7a2679359adb"",""menu_6f9d19fccbbe51ed301a""]"
69073532-dba4-59ab-917e-42971d5e81c3,Mì,description,ed058b8a-d0db-5944-9af4-962df535ba27,menu-catalogue,menu_scope,Mô tả phạm vi nhóm từ tên/menu/mô tả nguồn; không áp thành phần một biến thể cho cả nhóm.,"[""menu_1631d466455cd52472a0"",""menu_70ba964c0626f7b44a93"",""menu_af2aefac7a2679359adb"",""menu_6f9d19fccbbe51ed301a""]"
4f4e0327-d10e-5c8f-b69a-eb4f2df520ea,Mì trộn,name,ed058b8a-d0db-5944-9af4-962df535ba27,menu-catalogue,owner_grouping,Tên món gốc theo mapping owner đã chốt; sourceNames không phải alias.,"[""menu_48438c228897db92d83c"",""menu_eb31c70ae1612e482edb"",""menu_2f83ae6572afa0131c04"",""menu_85d40bace981273f315c"",""menu_fa4567bd7a33d7ccc0bc"",""menu_2452a32cf1c94fcb8ce3"",""menu_a6fb7148f478e6e05325""]"
4f4e0327-d10e-5c8f-b69a-eb4f2df520ea,Mì trộn,categoryCodes,ed058b8a-d0db-5944-9af4-962df535ba27,menu-catalogue,owner_grouping,Họ món theo tên/nhóm menu và phạm vi gộp owner; không suy cách chế biến/thành phần.,"[""menu_48438c228897db92d83c"",""menu_eb31c70ae1612e482edb"",""menu_2f83ae6572afa0131c04"",""menu_85d40bace981273f315c"",""menu_fa4567bd7a33d7ccc0bc"",""menu_2452a32cf1c94fcb8ce3"",""menu_a6fb7148f478e6e05325""]"
4f4e0327-d10e-5c8f-b69a-eb4f2df520ea,Mì trộn,description,ed058b8a-d0db-5944-9af4-962df535ba27,menu-catalogue,menu_scope,Mô tả phạm vi nhóm từ tên/menu/mô tả nguồn; không áp thành phần một biến thể cho cả nhóm.,"[""menu_48438c228897db92d83c"",""menu_eb31c70ae1612e482edb"",""menu_2f83ae6572afa0131c04"",""menu_85d40bace981273f315c"",""menu_fa4567bd7a33d7ccc0bc"",""menu_2452a32cf1c94fcb8ce3"",""menu_a6fb7148f478e6e05325""]"
b151781d-c641-593f-9aba-a1ac5d16e309,Mì Ý,name,ed058b8a-d0db-5944-9af4-962df535ba27,menu-catalogue,owner_grouping,Tên món gốc theo mapping owner đã chốt; sourceNames không phải alias.,"[""menu_09d13c1382a6c3b65b7a"",""menu_ac5eec97a6e8cfff4f7d"",""menu_f2005d073454d5eead81"",""menu_3c80f11a5ee74a3347fa"",""menu_2da8b53c3a217daebcaa"",""menu_5787cc84c67b5dae0bbc"",""menu_bbf973289cf84c5ab034""]"
b151781d-c641-593f-9aba-a1ac5d16e309,Mì Ý,categoryCodes,ed058b8a-d0db-5944-9af4-962df535ba27,menu-catalogue,owner_grouping,Họ món theo tên/nhóm menu và phạm vi gộp owner; không suy cách chế biến/thành phần.,"[""menu_09d13c1382a6c3b65b7a"",""menu_ac5eec97a6e8cfff4f7d"",""menu_f2005d073454d5eead81"",""menu_3c80f11a5ee74a3347fa"",""menu_2da8b53c3a217daebcaa"",""menu_5787cc84c67b5dae0bbc"",""menu_bbf973289cf84c5ab034""]"
b151781d-c641-593f-9aba-a1ac5d16e309,Mì Ý,description,ed058b8a-d0db-5944-9af4-962df535ba27,menu-catalogue,menu_scope,Mô tả phạm vi nhóm từ tên/menu/mô tả nguồn; không áp thành phần một biến thể cho cả nhóm.,"[""menu_09d13c1382a6c3b65b7a"",""menu_ac5eec97a6e8cfff4f7d"",""menu_f2005d073454d5eead81"",""menu_3c80f11a5ee74a3347fa"",""menu_2da8b53c3a217daebcaa"",""menu_5787cc84c67b5dae0bbc"",""menu_bbf973289cf84c5ab034""]"
aa59b2ad-3c15-5133-bad9-122a8d2fe93b,Nui,name,ed058b8a-d0db-5944-9af4-962df535ba27,menu-catalogue,owner_grouping,Tên món gốc theo mapping owner đã chốt; sourceNames không phải alias.,"[""menu_5475979fede9f79b0a83""]"
aa59b2ad-3c15-5133-bad9-122a8d2fe93b,Nui,categoryCodes,ed058b8a-d0db-5944-9af4-962df535ba27,menu-catalogue,owner_grouping,Họ món theo tên/nhóm menu và phạm vi gộp owner; không suy cách chế biến/thành phần.,"[""menu_5475979fede9f79b0a83""]"
aa59b2ad-3c15-5133-bad9-122a8d2fe93b,Nui,description,ed058b8a-d0db-5944-9af4-962df535ba27,menu-catalogue,menu_scope,Mô tả phạm vi nhóm từ tên/menu/mô tả nguồn; không áp thành phần một biến thể cho cả nhóm.,"[""menu_5475979fede9f79b0a83""]"
0da7d12b-4e83-517b-9c26-b192e6d63fe9,Phở bò,name,ed058b8a-d0db-5944-9af4-962df535ba27,menu-catalogue,owner_grouping,Tên món gốc theo mapping owner đã chốt; sourceNames không phải alias.,"[""menu_9ed20b9b57bf75f5eaac"",""menu_9665149cf43578a6cd3d"",""menu_26b4ede4ba27f12f3a28"",""menu_0ef6c055bbcba05309ea"",""menu_6198731b557bb210b58a"",""menu_3fb3cb6f15849aa837b2"",""menu_d71a52f7187a2c99274d"",""menu_410b4ed15974c00291a2"",""menu_ec0f7a919171f3b7f551"",""menu_9d138530cd95e47dad82"",""menu_4c1b9f765850487eaaac"",""menu_82ba99640338e56d340e"",""menu_fd04e4f394d6da7d938d"",""menu_1b5c4eb74496735ab688"",""menu_9226e6fe566e7b5ccb43"",""menu_ad417eee5118846d8be6""]"
0da7d12b-4e83-517b-9c26-b192e6d63fe9,Phở bò,categoryCodes,ed058b8a-d0db-5944-9af4-962df535ba27,menu-catalogue,owner_grouping,Họ món theo tên/nhóm menu và phạm vi gộp owner; không suy cách chế biến/thành phần.,"[""menu_9ed20b9b57bf75f5eaac"",""menu_9665149cf43578a6cd3d"",""menu_26b4ede4ba27f12f3a28"",""menu_0ef6c055bbcba05309ea"",""menu_6198731b557bb210b58a"",""menu_3fb3cb6f15849aa837b2"",""menu_d71a52f7187a2c99274d"",""menu_410b4ed15974c00291a2"",""menu_ec0f7a919171f3b7f551"",""menu_9d138530cd95e47dad82"",""menu_4c1b9f765850487eaaac"",""menu_82ba99640338e56d340e"",""menu_fd04e4f394d6da7d938d"",""menu_1b5c4eb74496735ab688"",""menu_9226e6fe566e7b5ccb43"",""menu_ad417eee5118846d8be6""]"
0da7d12b-4e83-517b-9c26-b192e6d63fe9,Phở bò,description,62568427-0d84-557f-a044-97dc526fa14e,wiki-pho,reference,"Nguồn tham khảo mô tả đúng món; biên tập ngắn và giữ phạm vi biến thể, chưa review độc lập.",[]
0da7d12b-4e83-517b-9c26-b192e6d63fe9,Phở bò,cuisineCodes,62568427-0d84-557f-a044-97dc526fa14e,wiki-pho,reference,"Nguồn tham khảo mô tả đúng món; biên tập ngắn và giữ phạm vi biến thể, chưa review độc lập.",[]
0da7d12b-4e83-517b-9c26-b192e6d63fe9,Phở bò,temperature,62568427-0d84-557f-a044-97dc526fa14e,wiki-pho,reference,Serving temperature Hot của phở nước trong nguồn; không bảo đảm nhiệt độ offering hiện tại.,[]
33c758d0-9f9b-5dd9-8976-c52b6f949d31,Phở gà,name,ed058b8a-d0db-5944-9af4-962df535ba27,menu-catalogue,owner_grouping,Tên món gốc theo mapping owner đã chốt; sourceNames không phải alias.,"[""menu_93c677af17d612620a14"",""menu_c2a09df0ebf10b8bb2e8""]"
33c758d0-9f9b-5dd9-8976-c52b6f949d31,Phở gà,categoryCodes,ed058b8a-d0db-5944-9af4-962df535ba27,menu-catalogue,owner_grouping,Họ món theo tên/nhóm menu và phạm vi gộp owner; không suy cách chế biến/thành phần.,"[""menu_93c677af17d612620a14"",""menu_c2a09df0ebf10b8bb2e8""]"
33c758d0-9f9b-5dd9-8976-c52b6f949d31,Phở gà,description,62568427-0d84-557f-a044-97dc526fa14e,wiki-pho,reference,"Nguồn tham khảo mô tả đúng món; biên tập ngắn và giữ phạm vi biến thể, chưa review độc lập.",[]
33c758d0-9f9b-5dd9-8976-c52b6f949d31,Phở gà,cuisineCodes,62568427-0d84-557f-a044-97dc526fa14e,wiki-pho,reference,"Nguồn tham khảo mô tả đúng món; biên tập ngắn và giữ phạm vi biến thể, chưa review độc lập.",[]
33c758d0-9f9b-5dd9-8976-c52b6f949d31,Phở gà,temperature,62568427-0d84-557f-a044-97dc526fa14e,wiki-pho,reference,Serving temperature Hot của phở nước trong nguồn; không bảo đảm nhiệt độ offering hiện tại.,[]
26448eef-8a0a-5934-bc0a-8936b205b389,Salad,name,ed058b8a-d0db-5944-9af4-962df535ba27,menu-catalogue,owner_grouping,Tên món gốc theo mapping owner đã chốt; sourceNames không phải alias.,"[""menu_8caf606557c67bc70f81"",""menu_d10a7dfc7dc58341cf5b"",""menu_a9ad4b5415a36a8e675a""]"
26448eef-8a0a-5934-bc0a-8936b205b389,Salad,categoryCodes,ed058b8a-d0db-5944-9af4-962df535ba27,menu-catalogue,owner_grouping,Họ món theo tên/nhóm menu và phạm vi gộp owner; không suy cách chế biến/thành phần.,"[""menu_8caf606557c67bc70f81"",""menu_d10a7dfc7dc58341cf5b"",""menu_a9ad4b5415a36a8e675a""]"
26448eef-8a0a-5934-bc0a-8936b205b389,Salad,description,ed058b8a-d0db-5944-9af4-962df535ba27,menu-catalogue,menu_scope,Mô tả phạm vi nhóm từ tên/menu/mô tả nguồn; không áp thành phần một biến thể cho cả nhóm.,"[""menu_8caf606557c67bc70f81"",""menu_d10a7dfc7dc58341cf5b"",""menu_a9ad4b5415a36a8e675a""]"
1fdae49f-b6da-5574-82b6-4b7fc1cf09cd,Xôi,name,ed058b8a-d0db-5944-9af4-962df535ba27,menu-catalogue,owner_grouping,Tên món gốc theo mapping owner đã chốt; sourceNames không phải alias.,"[""menu_3c768f03949d8ec04107"",""menu_64a31ed90738e2e76a7a"",""menu_ecaf179619d8bd198b15"",""menu_e8e1abae674db0ae945f"",""menu_a5f55b9de72226c5207b"",""menu_206664a65c17551bb094"",""menu_6f067a34bfeceba57d3e"",""menu_30ab487df9a065681f6c"",""menu_3fd4c27c0ad56ae0e99b"",""menu_5689cd84ba37921bbe23"",""menu_109164ade65bd31f6422"",""menu_652ab22a3d90c0a31b6d"",""menu_5ff0e72ad10181494431"",""menu_58abffbc7f2b8d6a5261""]"
1fdae49f-b6da-5574-82b6-4b7fc1cf09cd,Xôi,categoryCodes,ed058b8a-d0db-5944-9af4-962df535ba27,menu-catalogue,owner_grouping,Họ món theo tên/nhóm menu và phạm vi gộp owner; không suy cách chế biến/thành phần.,"[""menu_3c768f03949d8ec04107"",""menu_64a31ed90738e2e76a7a"",""menu_ecaf179619d8bd198b15"",""menu_e8e1abae674db0ae945f"",""menu_a5f55b9de72226c5207b"",""menu_206664a65c17551bb094"",""menu_6f067a34bfeceba57d3e"",""menu_30ab487df9a065681f6c"",""menu_3fd4c27c0ad56ae0e99b"",""menu_5689cd84ba37921bbe23"",""menu_109164ade65bd31f6422"",""menu_652ab22a3d90c0a31b6d"",""menu_5ff0e72ad10181494431"",""menu_58abffbc7f2b8d6a5261""]"
1fdae49f-b6da-5574-82b6-4b7fc1cf09cd,Xôi,description,ed058b8a-d0db-5944-9af4-962df535ba27,menu-catalogue,menu_scope,Mô tả phạm vi nhóm từ tên/menu/mô tả nguồn; không áp thành phần một biến thể cho cả nhóm.,"[""menu_3c768f03949d8ec04107"",""menu_64a31ed90738e2e76a7a"",""menu_ecaf179619d8bd198b15"",""menu_e8e1abae674db0ae945f"",""menu_a5f55b9de72226c5207b"",""menu_206664a65c17551bb094"",""menu_6f067a34bfeceba57d3e"",""menu_30ab487df9a065681f6c"",""menu_3fd4c27c0ad56ae0e99b"",""menu_5689cd84ba37921bbe23"",""menu_109164ade65bd31f6422"",""menu_652ab22a3d90c0a31b6d"",""menu_5ff0e72ad10181494431"",""menu_58abffbc7f2b8d6a5261""]"
