dishId,dishName,searchStatus,title,fileUrl,pageUrl,thumbnailUrl,author,license,licenseUrl,attribution,description,creditRaw,revision,revisionTimestamp,checkedAt,filePageCheckedAt,visualCheckedAt,visualNote,status,reason
8131e3cd-bce2-5843-8800-9426c91382ba,Burger,ok,File:Burger King A1 Ultimate Bacon Cheeseburger (19566324005).jpg,https://upload.wikimedia.org/wikipedia/commons/1/1b/Burger_King_A1_Ultimate_Bacon_Cheeseburger_%2819566324005%29.jpg?utm_source=commons.wikimedia.org&utm_campaign=imageinfo&utm_content=original,https://commons.wikimedia.org/wiki/File:Burger_King_A1_Ultimate_Bacon_Cheeseburger_(19566324005).jpg,https://thumb.wikimedia.org/wikipedia/commons/thumb/1/1b/Burger_King_A1_Ultimate_Bacon_Cheeseburger_%2819566324005%29.jpg/500px-Burger_King_A1_Ultimate_Bacon_Cheeseburger_%2819566324005%29.jpg?utm_source=commons.wikimedia.org&utm_campaign=imageinfo&utm_content=thumbnail,Willis Lam,CC BY-SA 2.0,https://creativecommons.org/licenses/by-sa/2.0,File:Burger King A1 Ultimate Bacon Cheeseburger (19566324005).jpg — Willis Lam; CC BY-SA 2.0; https://creativecommons.org/licenses/by-sa/2.0; https://commons.wikimedia.org/wiki/File:Burger_King_A1_Ultimate_Bacon_Cheeseburger_(19566324005).jpg,Definitely A1 on this burger,Burger King A1 Ultimate Bacon Cheeseburger,951049628,2024-10-30T13:50:37Z,2026-10-10T02:17:02Z,,,,needs_visual_review,Public file/asset inspection blocked by Wikimedia 403/429; not visually checked.
8131e3cd-bce2-5843-8800-9426c91382ba,Burger,ok,"File:Cheeseburger, Olivka 1.jpg",https://upload.wikimedia.org/wikipedia/commons/0/05/Cheeseburger%2C_Olivka_1.jpg?utm_source=commons.wikimedia.org&utm_campaign=imageinfo&utm_content=original,"https://commons.wikimedia.org/wiki/File:Cheeseburger,_Olivka_1.jpg",https://thumb.wikimedia.org/wikipedia/commons/thumb/0/05/Cheeseburger%2C_Olivka_1.jpg/500px-Cheeseburger%2C_Olivka_1.jpg?utm_source=commons.wikimedia.org&utm_campaign=imageinfo&utm_content=thumbnail,К.Артём.1,CC BY-SA 4.0,https://creativecommons.org/licenses/by-sa/4.0,"File:Cheeseburger, Olivka 1.jpg — К.Артём.1; CC BY-SA 4.0; https://creativecommons.org/licenses/by-sa/4.0; https://commons.wikimedia.org/wiki/File:Cheeseburger,_Olivka_1.jpg","Cheeseburger in Olivka Cafe, Novosibirsk.",Own work,1203470443,2026-04-25T17:15:21Z,2026-10-10T02:17:02Z,,,,needs_visual_review,Public file/asset inspection blocked by Wikimedia 403/429; not visually checked.
8131e3cd-bce2-5843-8800-9426c91382ba,Burger,ok,File:Cheeseburger.jpg,https://upload.wikimedia.org/wikipedia/commons/4/4d/Cheeseburger.jpg?utm_source=commons.wikimedia.org&utm_campaign=imageinfo&utm_content=original,https://commons.wikimedia.org/wiki/File:Cheeseburger.jpg,https://thumb.wikimedia.org/wikipedia/commons/thumb/4/4d/Cheeseburger.jpg/500px-Cheeseburger.jpg?utm_source=commons.wikimedia.org&utm_campaign=imageinfo&utm_content=thumbnail,Renee Comet (photographer),Public domain,,File:Cheeseburger.jpg — Renee Comet (photographer); Public domain; None; https://commons.wikimedia.org/wiki/File:Cheeseburger.jpg,A cheeseburger.,"This image was released by the National Cancer Institute , an agency part of the National Institutes of Health , with the ID 2652 ( image ) (next) .",1178424657,2026-03-09T16:22:07Z,2026-10-10T02:17:02Z,,,,needs_visual_review,Public file/asset inspection blocked by Wikimedia 403/429; not visually checked.
8131e3cd-bce2-5843-8800-9426c91382ba,Burger,ok,File:Cheeseburger with onions at Hatfield Heath Festival 2017.jpg,https://upload.wikimedia.org/wikipedia/commons/c/cf/Cheeseburger_with_onions_at_Hatfield_Heath_Festival_2017.jpg?utm_source=commons.wikimedia.org&utm_campaign=imageinfo&utm_content=original,https://commons.wikimedia.org/wiki/File:Cheeseburger_with_onions_at_Hatfield_Heath_Festival_2017.jpg,https://thumb.wikimedia.org/wikipedia/commons/thumb/c/cf/Cheeseburger_with_onions_at_Hatfield_Heath_Festival_2017.jpg/500px-Cheeseburger_with_onions_at_Hatfield_Heath_Festival_2017.jpg?utm_source=commons.wikimedia.org&utm_campaign=imageinfo&utm_content=thumbnail,Acabashi,CC BY-SA 4.0,https://creativecommons.org/licenses/by-sa/4.0,File:Cheeseburger with onions at Hatfield Heath Festival 2017.jpg — Acabashi; CC BY-SA 4.0; https://creativecommons.org/licenses/by-sa/4.0; https://commons.wikimedia.org/wiki/File:Cheeseburger_with_onions_at_Hatfield_Heath_Festival_2017.jpg,"A concession stall cheeseburger with onions at the Hatfield Heath Festival 2017, on Hatfield Heath village green, Essex , England. Camera : Canon EOS 6D with Canon EF 24-105mm F4L IS USM lens. Software : RAW file lens-corrected, optimized and converted to JPEG with DxO OpticsPro 11 Elite , and likely further optimized and/or cropped and/or spun with Adobe Photoshop CS2 .",Own work,1173471812,2026-02-28T13:08:15Z,2026-10-10T02:17:02Z,,,,needs_visual_review,Public file/asset inspection blocked by Wikimedia 403/429; not visually checked.
990393dc-1b1d-5a1a-9ccd-2b0c4ac60572,Bánh bao,ok,File:Banhbao.jpg,https://upload.wikimedia.org/wikipedia/commons/b/b4/Banhbao.jpg?utm_source=commons.wikimedia.org&utm_campaign=imageinfo&utm_content=original,https://commons.wikimedia.org/wiki/File:Banhbao.jpg,https://thumb.wikimedia.org/wikipedia/commons/thumb/b/b4/Banhbao.jpg/500px-Banhbao.jpg?utm_source=commons.wikimedia.org&utm_campaign=imageinfo&utm_content=thumbnail,Sue Le,CC BY-SA 3.0,https://creativecommons.org/licenses/by-sa/3.0,File:Banhbao.jpg — Sue Le; CC BY-SA 3.0; https://creativecommons.org/licenses/by-sa/3.0; https://commons.wikimedia.org/wiki/File:Banhbao.jpg,"A bánh bao cut in half, displaying its contents.",Own work ( Original text: self-made ),1080512675,2025-09-04T01:08:18Z,2026-10-10T02:17:02Z,2026-10-10T02:26:05Z,,,needs_visual_review,Public file/asset inspection blocked by Wikimedia 403/429; not visually checked.
990393dc-1b1d-5a1a-9ccd-2b0c4ac60572,Bánh bao,ok,File:Bánh bao 2.jpg,https://upload.wikimedia.org/wikipedia/commons/5/58/B%C3%A1nh_bao_2.jpg?utm_source=commons.wikimedia.org&utm_campaign=imageinfo&utm_content=original,https://commons.wikimedia.org/wiki/File:B%C3%A1nh_bao_2.jpg,https://thumb.wikimedia.org/wikipedia/commons/thumb/5/58/B%C3%A1nh_bao_2.jpg/500px-B%C3%A1nh_bao_2.jpg?utm_source=commons.wikimedia.org&utm_campaign=imageinfo&utm_content=thumbnail,Baoothersks,CC BY-SA 4.0,https://creativecommons.org/licenses/by-sa/4.0,File:Bánh bao 2.jpg — Baoothersks; CC BY-SA 4.0; https://creativecommons.org/licenses/by-sa/4.0; https://commons.wikimedia.org/wiki/File:B%C3%A1nh_bao_2.jpg,Bánh bao,Own work,840337252,2024-01-10T20:36:04Z,2026-10-10T02:17:02Z,,,,needs_visual_review,Public file/asset inspection blocked by Wikimedia 403/429; not visually checked.
990393dc-1b1d-5a1a-9ccd-2b0c4ac60572,Bánh bao,ok,File:Bánh bao de carn.jpg,https://upload.wikimedia.org/wikipedia/commons/5/57/B%C3%A1nh_bao_de_carn.jpg?utm_source=commons.wikimedia.org&utm_campaign=imageinfo&utm_content=original,https://commons.wikimedia.org/wiki/File:B%C3%A1nh_bao_de_carn.jpg,https://thumb.wikimedia.org/wikipedia/commons/thumb/5/57/B%C3%A1nh_bao_de_carn.jpg/500px-B%C3%A1nh_bao_de_carn.jpg?utm_source=commons.wikimedia.org&utm_campaign=imageinfo&utm_content=thumbnail,Francesc Fort,CC BY-SA 4.0,https://creativecommons.org/licenses/by-sa/4.0,File:Bánh bao de carn.jpg — Francesc Fort; CC BY-SA 4.0; https://creativecommons.org/licenses/by-sa/4.0; https://commons.wikimedia.org/wiki/File:B%C3%A1nh_bao_de_carn.jpg,Menjar vietnamita,Own work,840337274,2024-01-10T20:36:13Z,2026-10-10T02:17:02Z,,,,needs_visual_review,Public file/asset inspection blocked by Wikimedia 403/429; not visually checked.
990393dc-1b1d-5a1a-9ccd-2b0c4ac60572,Bánh bao,ok,File:Bánh bao xá xíu.jpeg,https://upload.wikimedia.org/wikipedia/commons/e/e2/B%C3%A1nh_bao_x%C3%A1_x%C3%ADu.jpeg?utm_source=commons.wikimedia.org&utm_campaign=imageinfo&utm_content=original,https://commons.wikimedia.org/wiki/File:B%C3%A1nh_bao_x%C3%A1_x%C3%ADu.jpeg,https://thumb.wikimedia.org/wikipedia/commons/thumb/e/e2/B%C3%A1nh_bao_x%C3%A1_x%C3%ADu.jpeg/500px-B%C3%A1nh_bao_x%C3%A1_x%C3%ADu.jpeg?utm_source=commons.wikimedia.org&utm_campaign=imageinfo&utm_content=thumbnail,User:nguyennhattu,CC BY-SA 3.0,https://creativecommons.org/licenses/by-sa/3.0,File:Bánh bao xá xíu.jpeg — User:nguyennhattu; CC BY-SA 3.0; https://creativecommons.org/licenses/by-sa/3.0; https://commons.wikimedia.org/wiki/File:B%C3%A1nh_bao_x%C3%A1_x%C3%ADu.jpeg,Dim Sum,Own work,840337277,2024-01-10T20:36:15Z,2026-10-10T02:17:02Z,,,,needs_visual_review,Public file/asset inspection blocked by Wikimedia 403/429; not visually checked.
a785a621-2cbc-5f16-9274-a47141a8e3c8,Bánh cuốn,ok,File:Banh Cuon 2.jpg,https://upload.wikimedia.org/wikipedia/commons/4/4e/Banh_Cuon_2.jpg?utm_source=commons.wikimedia.org&utm_campaign=imageinfo&utm_content=original,https://commons.wikimedia.org/wiki/File:Banh_Cuon_2.jpg,https://thumb.wikimedia.org/wikipedia/commons/thumb/4/4e/Banh_Cuon_2.jpg/500px-Banh_Cuon_2.jpg?utm_source=commons.wikimedia.org&utm_campaign=imageinfo&utm_content=thumbnail,Shyamal,CC BY-SA 4.0,https://creativecommons.org/licenses/by-sa/4.0,File:Banh Cuon 2.jpg — Shyamal; CC BY-SA 4.0; https://creativecommons.org/licenses/by-sa/4.0; https://commons.wikimedia.org/wiki/File:Banh_Cuon_2.jpg,Steamed rice rolls or Banh Cuon with fried onions and lettuce,Own work,949604252,2024-10-26T20:20:41Z,2026-10-10T02:17:02Z,2026-10-10T02:26:05Z,,,needs_visual_review,Public file/asset inspection blocked by Wikimedia 403/429; not visually checked.
a785a621-2cbc-5f16-9274-a47141a8e3c8,Bánh cuốn,ok,File:Banh cuon.jpg,https://upload.wikimedia.org/wikipedia/commons/a/a7/Banh_cuon.jpg?utm_source=commons.wikimedia.org&utm_campaign=imageinfo&utm_content=original,https://commons.wikimedia.org/wiki/File:Banh_cuon.jpg,https://thumb.wikimedia.org/wikipedia/commons/thumb/a/a7/Banh_cuon.jpg/500px-Banh_cuon.jpg?utm_source=commons.wikimedia.org&utm_campaign=imageinfo&utm_content=thumbnail,Lưu Ly,Public domain,,File:Banh cuon.jpg — Lưu Ly; Public domain; None; https://commons.wikimedia.org/wiki/File:Banh_cuon.jpg,"""Bánh cuốn""",Own work,1065974586,2025-08-04T03:39:11Z,2026-10-10T02:17:02Z,,,,needs_visual_review,Public file/asset inspection blocked by Wikimedia 403/429; not visually checked.
a785a621-2cbc-5f16-9274-a47141a8e3c8,Bánh cuốn,ok,"File:Banh cuon nhan thit cha lua, Banh Cuon Thang Long.jpg",https://upload.wikimedia.org/wikipedia/commons/0/03/Banh_cuon_nhan_thit_cha_lua%2C_Banh_Cuon_Thang_Long.jpg?utm_source=commons.wikimedia.org&utm_campaign=imageinfo&utm_content=original,"https://commons.wikimedia.org/wiki/File:Banh_cuon_nhan_thit_cha_lua,_Banh_Cuon_Thang_Long.jpg",https://thumb.wikimedia.org/wikipedia/commons/thumb/0/03/Banh_cuon_nhan_thit_cha_lua%2C_Banh_Cuon_Thang_Long.jpg/500px-Banh_cuon_nhan_thit_cha_lua%2C_Banh_Cuon_Thang_Long.jpg?utm_source=commons.wikimedia.org&utm_campaign=imageinfo&utm_content=thumbnail,Ser Amantio di Nicolao,CC BY-SA 4.0,https://creativecommons.org/licenses/by-sa/4.0,"File:Banh cuon nhan thit cha lua, Banh Cuon Thang Long.jpg — Ser Amantio di Nicolao; CC BY-SA 4.0; https://creativecommons.org/licenses/by-sa/4.0; https://commons.wikimedia.org/wiki/File:Banh_cuon_nhan_thit_cha_lua,_Banh_Cuon_Thang_Long.jpg","Eden Center, Falls Church, Virginia",Own work,1080512241,2025-09-04T01:06:42Z,2026-10-10T02:17:02Z,,,,needs_visual_review,Public file/asset inspection blocked by Wikimedia 403/429; not visually checked.
a785a621-2cbc-5f16-9274-a47141a8e3c8,Bánh cuốn,ok,File:Bánh cuốn Thanh Trì.jpg,https://upload.wikimedia.org/wikipedia/commons/b/b2/B%C3%A1nh_cu%E1%BB%91n_Thanh_Tr%C3%AC.jpg?utm_source=commons.wikimedia.org&utm_campaign=imageinfo&utm_content=original,https://commons.wikimedia.org/wiki/File:B%C3%A1nh_cu%E1%BB%91n_Thanh_Tr%C3%AC.jpg,https://thumb.wikimedia.org/wikipedia/commons/thumb/b/b2/B%C3%A1nh_cu%E1%BB%91n_Thanh_Tr%C3%AC.jpg/500px-B%C3%A1nh_cu%E1%BB%91n_Thanh_Tr%C3%AC.jpg?utm_source=commons.wikimedia.org&utm_campaign=imageinfo&utm_content=thumbnail,Casablanca1911 at vi.wikipedia,Public domain,,File:Bánh cuốn Thanh Trì.jpg — Casablanca1911 at vi.wikipedia; Public domain; None; https://commons.wikimedia.org/wiki/File:B%C3%A1nh_cu%E1%BB%91n_Thanh_Tr%C3%AC.jpg,Đĩa bánh cuốn Thanh Trì và bát nước chấm.,Own work Transferred from vi.wikipedia,1137397977,2025-12-27T05:16:44Z,2026-10-10T02:17:02Z,,,,needs_visual_review,Public file/asset inspection blocked by Wikimedia 403/429; not visually checked.
39da0965-df4e-5ca1-8741-bdb9aeb85f57,Bánh cuộn,ok,File:Asian mango and chicken wraps (IA CAT31302549).pdf,https://upload.wikimedia.org/wikipedia/commons/6/6b/Asian_mango_and_chicken_wraps_%28IA_CAT31302549%29.pdf?utm_source=commons.wikimedia.org&utm_campaign=imageinfo&utm_content=original,https://commons.wikimedia.org/wiki/File:Asian_mango_and_chicken_wraps_(IA_CAT31302549).pdf,https://thumb.wikimedia.org/wikipedia/commons/thumb/6/6b/Asian_mango_and_chicken_wraps_%28IA_CAT31302549%29.pdf/page1-500px-Asian_mango_and_chicken_wraps_%28IA_CAT31302549%29.pdf.jpg?utm_source=commons.wikimedia.org&utm_campaign=imageinfo&utm_content=thumbnail,,Public domain,,File:Asian mango and chicken wraps (IA CAT31302549).pdf — None; Public domain; None; https://commons.wikimedia.org/wiki/File:Asian_mango_and_chicken_wraps_(IA_CAT31302549).pdf,Subjects: Stuffed foods (Cooking); Cooking (Mangos); Cooking (Chicken),Internet Archive identifier : CAT31302549 https://archive.org/download/CAT31302549/AsianMangoAndChickenWraps.pdf,1246044503,2026-07-10T14:15:23Z,2026-10-10T02:17:03Z,,,,rejected,"PDF, not a photograph"
39da0965-df4e-5ca1-8741-bdb9aeb85f57,Bánh cuộn,ok,File:Chicken roll with vegetables & goat cheese (5742199145).jpg,https://upload.wikimedia.org/wikipedia/commons/9/96/Chicken_roll_with_vegetables_%26_goat_cheese_%285742199145%29.jpg?utm_source=commons.wikimedia.org&utm_campaign=imageinfo&utm_content=original,https://commons.wikimedia.org/wiki/File:Chicken_roll_with_vegetables_%26_goat_cheese_(5742199145).jpg,https://thumb.wikimedia.org/wikipedia/commons/thumb/9/96/Chicken_roll_with_vegetables_%26_goat_cheese_%285742199145%29.jpg/500px-Chicken_roll_with_vegetables_%26_goat_cheese_%285742199145%29.jpg?utm_source=commons.wikimedia.org&utm_campaign=imageinfo&utm_content=thumbnail,"Luca Nebuloni from Milan, Italy",CC BY 2.0,https://creativecommons.org/licenses/by/2.0,"File:Chicken roll with vegetables & goat cheese (5742199145).jpg — Luca Nebuloni from Milan, Italy; CC BY 2.0; https://creativecommons.org/licenses/by/2.0; https://commons.wikimedia.org/wiki/File:Chicken_roll_with_vegetables_%26_goat_cheese_(5742199145).jpg",Chicken roll with vegetables & goat cheese (Recipe in italian: www.mangiaconme.it/2013/03/tortilla-wrap-di-pollo-e-verdu... ),Chicken roll with vegetables & goat cheese,1085938832,2025-09-15T05:43:48Z,2026-10-10T02:17:03Z,,,,needs_visual_review,Public file/asset inspection blocked by Wikimedia 403/429; not visually checked.
39da0965-df4e-5ca1-8741-bdb9aeb85f57,Bánh cuộn,ok,File:Fajitas Wraps.JPG,https://upload.wikimedia.org/wikipedia/commons/4/4e/Fajitas_Wraps.JPG?utm_source=commons.wikimedia.org&utm_campaign=imageinfo&utm_content=original,https://commons.wikimedia.org/wiki/File:Fajitas_Wraps.JPG,https://thumb.wikimedia.org/wikipedia/commons/thumb/4/4e/Fajitas_Wraps.JPG/500px-Fajitas_Wraps.JPG?utm_source=commons.wikimedia.org&utm_campaign=imageinfo&utm_content=thumbnail,Miansari66,CC0,http://creativecommons.org/publicdomain/zero/1.0/deed.en,File:Fajitas Wraps.JPG — Miansari66; CC0; http://creativecommons.org/publicdomain/zero/1.0/deed.en; https://commons.wikimedia.org/wiki/File:Fajitas_Wraps.JPG,"Fajitas, Wheat Tortillas as taco wraps",Own work,1151375587,2026-01-22T20:09:56Z,2026-10-10T02:17:03Z,,,,needs_visual_review,Public file/asset inspection blocked by Wikimedia 403/429; not visually checked.
39da0965-df4e-5ca1-8741-bdb9aeb85f57,Bánh cuộn,ok,File:Врап со пилешко зелечук и кајгана.jpg,https://upload.wikimedia.org/wikipedia/commons/7/72/%D0%92%D1%80%D0%B0%D0%BF_%D1%81%D0%BE_%D0%BF%D0%B8%D0%BB%D0%B5%D1%88%D0%BA%D0%BE_%D0%B7%D0%B5%D0%BB%D0%B5%D1%87%D1%83%D0%BA_%D0%B8_%D0%BA%D0%B0%D1%98%D0%B3%D0%B0%D0%BD%D0%B0.jpg?utm_source=commons.wikimedia.org&utm_campaign=imageinfo&utm_content=original,https://commons.wikimedia.org/wiki/File:%D0%92%D1%80%D0%B0%D0%BF_%D1%81%D0%BE_%D0%BF%D0%B8%D0%BB%D0%B5%D1%88%D0%BA%D0%BE_%D0%B7%D0%B5%D0%BB%D0%B5%D1%87%D1%83%D0%BA_%D0%B8_%D0%BA%D0%B0%D1%98%D0%B3%D0%B0%D0%BD%D0%B0.jpg,https://thumb.wikimedia.org/wikipedia/commons/thumb/7/72/%D0%92%D1%80%D0%B0%D0%BF_%D1%81%D0%BE_%D0%BF%D0%B8%D0%BB%D0%B5%D1%88%D0%BA%D0%BE_%D0%B7%D0%B5%D0%BB%D0%B5%D1%87%D1%83%D0%BA_%D0%B8_%D0%BA%D0%B0%D1%98%D0%B3%D0%B0%D0%BD%D0%B0.jpg/500px-%D0%92%D1%80%D0%B0%D0%BF_%D1%81%D0%BE_%D0%BF%D0%B8%D0%BB%D0%B5%D1%88%D0%BA%D0%BE_%D0%B7%D0%B5%D0%BB%D0%B5%D1%87%D1%83%D0%BA_%D0%B8_%D0%BA%D0%B0%D1%98%D0%B3%D0%B0%D0%BD%D0%B0.jpg?utm_source=commons.wikimedia.org&utm_campaign=imageinfo&utm_content=thumbnail,Viktorija N. Ivanov,CC BY-SA 4.0,https://creativecommons.org/licenses/by-sa/4.0,File:Врап со пилешко зелечук и кајгана.jpg — Viktorija N. Ivanov; CC BY-SA 4.0; https://creativecommons.org/licenses/by-sa/4.0; https://commons.wikimedia.org/wiki/File:%D0%92%D1%80%D0%B0%D0%BF_%D1%81%D0%BE_%D0%BF%D0%B8%D0%BB%D0%B5%D1%88%D0%BA%D0%BE_%D0%B7%D0%B5%D0%BB%D0%B5%D1%87%D1%83%D0%BA_%D0%B8_%D0%BA%D0%B0%D1%98%D0%B3%D0%B0%D0%BD%D0%B0.jpg,"Wrap with chicken, vegetables, and scrambled eggs – a tasty and nutritious meal made with chicken, fresh vegetables, and scrambled eggs, wrapped in a tortilla.",Own work,1211875703,2026-05-10T17:59:13Z,2026-10-10T02:17:03Z,,,,needs_visual_review,Public file/asset inspection blocked by Wikimedia 403/429; not visually checked.
00cf348d-3c93-5940-b6ab-4fff39bcc886,Bánh mì,ok,File:Banh mi PaMi 1.jpg,https://upload.wikimedia.org/wikipedia/commons/6/66/Banh_mi_PaMi_1.jpg?utm_source=commons.wikimedia.org&utm_campaign=imageinfo&utm_content=original,https://commons.wikimedia.org/wiki/File:Banh_mi_PaMi_1.jpg,https://thumb.wikimedia.org/wikipedia/commons/thumb/6/66/Banh_mi_PaMi_1.jpg/500px-Banh_mi_PaMi_1.jpg?utm_source=commons.wikimedia.org&utm_campaign=imageinfo&utm_content=thumbnail,HỒ TRỌNG BA,CC BY-SA 4.0,https://creativecommons.org/licenses/by-sa/4.0,File:Banh mi PaMi 1.jpg — HỒ TRỌNG BA; CC BY-SA 4.0; https://creativecommons.org/licenses/by-sa/4.0; https://commons.wikimedia.org/wiki/File:Banh_mi_PaMi_1.jpg,Bánh Mì PaMi,Own work,902683862,2024-07-24T05:15:31Z,2026-10-10T02:17:03Z,2026-10-10T02:26:05Z,,,needs_visual_review,Public file/asset inspection blocked by Wikimedia 403/429; not visually checked.
00cf348d-3c93-5940-b6ab-4fff39bcc886,Bánh mì,ok,File:Boon Hotel + Spa - Sarah Stierch - April 2019 - 4.jpg,https://upload.wikimedia.org/wikipedia/commons/6/60/Boon_Hotel_%2B_Spa_-_Sarah_Stierch_-_April_2019_-_4.jpg?utm_source=commons.wikimedia.org&utm_campaign=imageinfo&utm_content=original,https://commons.wikimedia.org/wiki/File:Boon_Hotel_%2B_Spa_-_Sarah_Stierch_-_April_2019_-_4.jpg,https://thumb.wikimedia.org/wikipedia/commons/thumb/6/60/Boon_Hotel_%2B_Spa_-_Sarah_Stierch_-_April_2019_-_4.jpg/500px-Boon_Hotel_%2B_Spa_-_Sarah_Stierch_-_April_2019_-_4.jpg?utm_source=commons.wikimedia.org&utm_campaign=imageinfo&utm_content=thumbnail,Missvain,CC BY 4.0,https://creativecommons.org/licenses/by/4.0,File:Boon Hotel + Spa - Sarah Stierch - April 2019 - 4.jpg — Missvain; CC BY 4.0; https://creativecommons.org/licenses/by/4.0; https://commons.wikimedia.org/wiki/File:Boon_Hotel_%2B_Spa_-_Sarah_Stierch_-_April_2019_-_4.jpg,"Bánh mì at the La Pitchoune Key Club Party at Boon Hotel + Spa in Guerneville, California.",Own work,1217086506,2026-05-20T03:46:29Z,2026-10-10T02:17:03Z,,,,needs_visual_review,Public file/asset inspection blocked by Wikimedia 403/429; not visually checked.
00cf348d-3c93-5940-b6ab-4fff39bcc886,Bánh mì,ok,File:Bánh mì.jpg,https://upload.wikimedia.org/wikipedia/commons/1/19/B%C3%A1nh_m%C3%AC.jpg?utm_source=commons.wikimedia.org&utm_campaign=imageinfo&utm_content=original,https://commons.wikimedia.org/wiki/File:B%C3%A1nh_m%C3%AC.jpg,https://thumb.wikimedia.org/wikipedia/commons/thumb/1/19/B%C3%A1nh_m%C3%AC.jpg/500px-B%C3%A1nh_m%C3%AC.jpg?utm_source=commons.wikimedia.org&utm_campaign=imageinfo&utm_content=thumbnail,Stu Spivack,CC BY-SA 2.0,https://creativecommons.org/licenses/by-sa/2.0,File:Bánh mì.jpg — Stu Spivack; CC BY-SA 2.0; https://creativecommons.org/licenses/by-sa/2.0; https://commons.wikimedia.org/wiki/File:B%C3%A1nh_m%C3%AC.jpg,Bánh mì .,https://www.flickr.com/photos/stuart_spivack/152788004/,850723940,2024-02-11T12:57:52Z,2026-10-10T02:17:03Z,,,,needs_visual_review,Public file/asset inspection blocked by Wikimedia 403/429; not visually checked.
00cf348d-3c93-5940-b6ab-4fff39bcc886,Bánh mì,ok,File:Viet McRib Banh Mi.jpg,https://upload.wikimedia.org/wikipedia/commons/a/a2/Viet_McRib_Banh_Mi.jpg?utm_source=commons.wikimedia.org&utm_campaign=imageinfo&utm_content=original,https://commons.wikimedia.org/wiki/File:Viet_McRib_Banh_Mi.jpg,https://thumb.wikimedia.org/wikipedia/commons/thumb/a/a2/Viet_McRib_Banh_Mi.jpg/500px-Viet_McRib_Banh_Mi.jpg?utm_source=commons.wikimedia.org&utm_campaign=imageinfo&utm_content=thumbnail,Andrea Nguyen,CC BY 2.0,https://creativecommons.org/licenses/by/2.0,File:Viet McRib Banh Mi.jpg — Andrea Nguyen; CC BY 2.0; https://creativecommons.org/licenses/by/2.0; https://commons.wikimedia.org/wiki/File:Viet_McRib_Banh_Mi.jpg,Details in this post on Banh Mi Party Tips! www.vietworldkitchen.com/blog/2015/09/banh-mi-party-tips-...,https://www.flickr.com/photos/andrea_nguyen/20653680804/,1208981996,2026-05-05T16:54:50Z,2026-10-10T02:17:03Z,,,,needs_visual_review,Public file/asset inspection blocked by Wikimedia 403/429; not visually checked.
620d6a2f-02a2-532f-b254-c37f3713ba04,Bánh ướt,ok,File:Banh Cuon 2.jpg,https://upload.wikimedia.org/wikipedia/commons/4/4e/Banh_Cuon_2.jpg?utm_source=commons.wikimedia.org&utm_campaign=imageinfo&utm_content=original,https://commons.wikimedia.org/wiki/File:Banh_Cuon_2.jpg,https://thumb.wikimedia.org/wikipedia/commons/thumb/4/4e/Banh_Cuon_2.jpg/500px-Banh_Cuon_2.jpg?utm_source=commons.wikimedia.org&utm_campaign=imageinfo&utm_content=thumbnail,Shyamal,CC BY-SA 4.0,https://creativecommons.org/licenses/by-sa/4.0,File:Banh Cuon 2.jpg — Shyamal; CC BY-SA 4.0; https://creativecommons.org/licenses/by-sa/4.0; https://commons.wikimedia.org/wiki/File:Banh_Cuon_2.jpg,Steamed rice rolls or Banh Cuon with fried onions and lettuce,Own work,949604252,2024-10-26T20:20:41Z,2026-10-10T02:17:03Z,2026-10-10T02:26:05Z,,,rejected,Search returned bánh cuốn; cannot establish bánh ướt match
620d6a2f-02a2-532f-b254-c37f3713ba04,Bánh ướt,ok,File:Banh cuon.jpg,https://upload.wikimedia.org/wikipedia/commons/a/a7/Banh_cuon.jpg?utm_source=commons.wikimedia.org&utm_campaign=imageinfo&utm_content=original,https://commons.wikimedia.org/wiki/File:Banh_cuon.jpg,https://thumb.wikimedia.org/wikipedia/commons/thumb/a/a7/Banh_cuon.jpg/500px-Banh_cuon.jpg?utm_source=commons.wikimedia.org&utm_campaign=imageinfo&utm_content=thumbnail,Lưu Ly,Public domain,,File:Banh cuon.jpg — Lưu Ly; Public domain; None; https://commons.wikimedia.org/wiki/File:Banh_cuon.jpg,"""Bánh cuốn""",Own work,1065974586,2025-08-04T03:39:11Z,2026-10-10T02:17:03Z,,,,rejected,Search returned bánh cuốn; cannot establish bánh ướt match
620d6a2f-02a2-532f-b254-c37f3713ba04,Bánh ướt,ok,"File:Banh cuon nhan thit cha lua, Banh Cuon Thang Long.jpg",https://upload.wikimedia.org/wikipedia/commons/0/03/Banh_cuon_nhan_thit_cha_lua%2C_Banh_Cuon_Thang_Long.jpg?utm_source=commons.wikimedia.org&utm_campaign=imageinfo&utm_content=original,"https://commons.wikimedia.org/wiki/File:Banh_cuon_nhan_thit_cha_lua,_Banh_Cuon_Thang_Long.jpg",https://thumb.wikimedia.org/wikipedia/commons/thumb/0/03/Banh_cuon_nhan_thit_cha_lua%2C_Banh_Cuon_Thang_Long.jpg/500px-Banh_cuon_nhan_thit_cha_lua%2C_Banh_Cuon_Thang_Long.jpg?utm_source=commons.wikimedia.org&utm_campaign=imageinfo&utm_content=thumbnail,Ser Amantio di Nicolao,CC BY-SA 4.0,https://creativecommons.org/licenses/by-sa/4.0,"File:Banh cuon nhan thit cha lua, Banh Cuon Thang Long.jpg — Ser Amantio di Nicolao; CC BY-SA 4.0; https://creativecommons.org/licenses/by-sa/4.0; https://commons.wikimedia.org/wiki/File:Banh_cuon_nhan_thit_cha_lua,_Banh_Cuon_Thang_Long.jpg","Eden Center, Falls Church, Virginia",Own work,1080512241,2025-09-04T01:06:42Z,2026-10-10T02:17:03Z,,,,rejected,Search returned bánh cuốn; cannot establish bánh ướt match
620d6a2f-02a2-532f-b254-c37f3713ba04,Bánh ướt,ok,File:Bánh cuốn Thanh Trì.jpg,https://upload.wikimedia.org/wikipedia/commons/b/b2/B%C3%A1nh_cu%E1%BB%91n_Thanh_Tr%C3%AC.jpg?utm_source=commons.wikimedia.org&utm_campaign=imageinfo&utm_content=original,https://commons.wikimedia.org/wiki/File:B%C3%A1nh_cu%E1%BB%91n_Thanh_Tr%C3%AC.jpg,https://thumb.wikimedia.org/wikipedia/commons/thumb/b/b2/B%C3%A1nh_cu%E1%BB%91n_Thanh_Tr%C3%AC.jpg/500px-B%C3%A1nh_cu%E1%BB%91n_Thanh_Tr%C3%AC.jpg?utm_source=commons.wikimedia.org&utm_campaign=imageinfo&utm_content=thumbnail,Casablanca1911 at vi.wikipedia,Public domain,,File:Bánh cuốn Thanh Trì.jpg — Casablanca1911 at vi.wikipedia; Public domain; None; https://commons.wikimedia.org/wiki/File:B%C3%A1nh_cu%E1%BB%91n_Thanh_Tr%C3%AC.jpg,Đĩa bánh cuốn Thanh Trì và bát nước chấm.,Own work Transferred from vi.wikipedia,1137397977,2025-12-27T05:16:44Z,2026-10-10T02:17:03Z,,,,rejected,Search returned bánh cuốn; cannot establish bánh ướt match
ff74d5af-05b6-5f9a-9012-f8a2aadefb0c,Bún bò,ok,File:Bun-Bo-Hue-from-Huong-Giang-2011.jpg,https://upload.wikimedia.org/wikipedia/commons/0/00/Bun-Bo-Hue-from-Huong-Giang-2011.jpg?utm_source=commons.wikimedia.org&utm_campaign=imageinfo&utm_content=original,https://commons.wikimedia.org/wiki/File:Bun-Bo-Hue-from-Huong-Giang-2011.jpg,https://thumb.wikimedia.org/wikipedia/commons/thumb/0/00/Bun-Bo-Hue-from-Huong-Giang-2011.jpg/500px-Bun-Bo-Hue-from-Huong-Giang-2011.jpg?utm_source=commons.wikimedia.org&utm_campaign=imageinfo&utm_content=thumbnail,Kham Tran - www.khamtran.com,CC BY 3.0,https://creativecommons.org/licenses/by/3.0,"File:Bun-Bo-Hue-from-Huong-Giang-2011.jpg — Kham Tran - www.khamtran.com; CC BY 3.0; https://creativecommons.org/licenses/by/3.0; https://commons.wikimedia.org/wiki/File:Bun-Bo-Hue-from-Huong-Giang-2011.jpg; Kham Tran, http://www.khamtran.com/ (author-required credit link).","Vietnamese bun bo hue noodle soup from Huong Giang Vietnamese restaurant in Springvale, a suburb of Melbourne in Victoria, Australia.",http://www.khamtran.com/2011/01/bun-bo-hue-from-huong-giang/,1123727155,2025-12-01T03:00:06Z,2026-10-10T02:17:04Z,2026-10-10T02:26:05Z,,,needs_visual_review,Public file/asset inspection blocked by Wikimedia 403/429; not visually checked.
ff74d5af-05b6-5f9a-9012-f8a2aadefb0c,Bún bò,ok,File:Bun Bo Hue 1.jpg,https://upload.wikimedia.org/wikipedia/commons/f/fa/Bun_Bo_Hue_1.jpg?utm_source=commons.wikimedia.org&utm_campaign=imageinfo&utm_content=original,https://commons.wikimedia.org/wiki/File:Bun_Bo_Hue_1.jpg,https://thumb.wikimedia.org/wikipedia/commons/thumb/f/fa/Bun_Bo_Hue_1.jpg/500px-Bun_Bo_Hue_1.jpg?utm_source=commons.wikimedia.org&utm_campaign=imageinfo&utm_content=thumbnail,SauceSupreme,CC BY 2.0,https://creativecommons.org/licenses/by/2.0,File:Bun Bo Hue 1.jpg — SauceSupreme; CC BY 2.0; https://creativecommons.org/licenses/by/2.0; https://commons.wikimedia.org/wiki/File:Bun_Bo_Hue_1.jpg,Bún bò Huế,originally posted to Flickr as Bun Bo Hue,1081944599,2025-09-06T22:25:24Z,2026-10-10T02:17:04Z,,,,needs_visual_review,Public file/asset inspection blocked by Wikimedia 403/429; not visually checked.
ff74d5af-05b6-5f9a-9012-f8a2aadefb0c,Bún bò,ok,File:Bún bò Huế minh28397.jpg,https://upload.wikimedia.org/wikipedia/commons/e/ee/B%C3%BAn_b%C3%B2_Hu%E1%BA%BF_minh28397.jpg?utm_source=commons.wikimedia.org&utm_campaign=imageinfo&utm_content=original,https://commons.wikimedia.org/wiki/File:B%C3%BAn_b%C3%B2_Hu%E1%BA%BF_minh28397.jpg,https://thumb.wikimedia.org/wikipedia/commons/thumb/e/ee/B%C3%BAn_b%C3%B2_Hu%E1%BA%BF_minh28397.jpg/500px-B%C3%BAn_b%C3%B2_Hu%E1%BA%BF_minh28397.jpg?utm_source=commons.wikimedia.org&utm_campaign=imageinfo&utm_content=thumbnail,Minh28397,CC BY-SA 4.0,https://creativecommons.org/licenses/by-sa/4.0,File:Bún bò Huế minh28397.jpg — Minh28397; CC BY-SA 4.0; https://creativecommons.org/licenses/by-sa/4.0; https://commons.wikimedia.org/wiki/File:B%C3%BAn_b%C3%B2_Hu%E1%BA%BF_minh28397.jpg,Bún bò Huế tại Royal city Hà Nội,Own work,1102696505,2025-10-20T20:44:10Z,2026-10-10T02:17:04Z,,,,needs_visual_review,Public file/asset inspection blocked by Wikimedia 403/429; not visually checked.
ff74d5af-05b6-5f9a-9012-f8a2aadefb0c,Bún bò,ok,File:House Special (Beef) - The Big Bowl.jpg,https://upload.wikimedia.org/wikipedia/commons/9/92/House_Special_%28Beef%29_-_The_Big_Bowl.jpg?utm_source=commons.wikimedia.org&utm_campaign=imageinfo&utm_content=original,https://commons.wikimedia.org/wiki/File:House_Special_(Beef)_-_The_Big_Bowl.jpg,https://thumb.wikimedia.org/wikipedia/commons/thumb/9/92/House_Special_%28Beef%29_-_The_Big_Bowl.jpg/500px-House_Special_%28Beef%29_-_The_Big_Bowl.jpg?utm_source=commons.wikimedia.org&utm_campaign=imageinfo&utm_content=thumbnail,Andy Li,CC0,http://creativecommons.org/publicdomain/zero/1.0/deed.en,File:House Special (Beef) - The Big Bowl.jpg — Andy Li; CC0; http://creativecommons.org/publicdomain/zero/1.0/deed.en; https://commons.wikimedia.org/wiki/File:House_Special_(Beef)_-_The_Big_Bowl.jpg,"Description on menu: House Specials - ""Round rice noodles in a lemongrass soup with a 'Hue-Style' hot & spicy beef broth."" Beef - ""Slow cooked beef & sliced short ribs""",Own work,976046821,2024-12-27T03:21:58Z,2026-10-10T02:17:04Z,,,,needs_visual_review,Public file/asset inspection blocked by Wikimedia 403/429; not visually checked.
fe39887f-b79c-5981-8f0a-6e50c4a5dc54,Bún bò chay,ok,,,,,,,,,,,,,,,,,no_eligible_image,No image search result
52c6435f-c967-5820-8e76-b1917291a1ef,Bún chay,ok,,,,,,,,,,,,,,,,,no_eligible_image,No image search result
807a5dfe-64b0-5137-ac00-6f95882830d6,Bún gạo lứt,ok,,,,,,,,,,,,,,,,,no_eligible_image,No image search result
4a8ac4a8-b566-5032-be38-48f00e6a53b9,Bún mọc,error,,,,,,,,,,,,,,,,,no_eligible_image,Wikimedia API HTTP 429
e6558eda-db0f-5583-bbf5-be4f7da8f2f9,Bún nem nướng,error,,,,,,,,,,,,,,,,,no_eligible_image,Wikimedia API HTTP 429
79c72911-92fc-5af0-9f7f-b8c476542e7f,Bún riêu,error,,,,,,,,,,,,,,,,,no_eligible_image,Wikimedia API HTTP 429
db666124-3676-5609-8dc4-b313a1809358,Bún riêu chay,error,,,,,,,,,,,,,,,,,no_eligible_image,Wikimedia API HTTP 429
441e70be-0b06-521d-b5b9-7349386f14ad,Bún thịt nướng,error,,,,,,,,,,,,,,,,,no_eligible_image,Wikimedia API HTTP 429
d320d9fe-0b53-539f-98ce-87ac91cf2dbb,Bún đậu,error,,,,,,,,,,,,,,,,,no_eligible_image,Wikimedia API HTTP 429
864f37d1-97e9-57bc-bce5-351668f703da,Cơm bò,error,,,,,,,,,,,,,,,,,no_eligible_image,Wikimedia API HTTP 429
f9224f9d-f9e2-5b4b-a328-0db75c978c2a,Cơm canh khổ qua,error,,,,,,,,,,,,,,,,,no_eligible_image,Wikimedia API HTTP 429
16ad89fb-0bc1-5d43-b8d0-4285916a69dc,Cơm chay,error,,,,,,,,,,,,,,,,,no_eligible_image,Wikimedia API HTTP 429
da40f225-25dd-5527-b535-ae5d48e15b9d,Cơm chiên,error,,,,,,,,,,,,,,,,,no_eligible_image,Wikimedia API HTTP 429
01e12db6-8014-5e84-bc53-398af27ad314,Cơm cá chiên,error,,,,,,,,,,,,,,,,,no_eligible_image,Wikimedia API HTTP 429
f518af1a-6744-545a-83b4-4fa14d590a43,Cơm cá kho,error,,,,,,,,,,,,,,,,,no_eligible_image,Wikimedia API HTTP 429
b115bf23-4277-5a5d-a439-002b0ceda3ce,Cơm gà,error,,,,,,,,,,,,,,,,,no_eligible_image,Wikimedia API HTTP 429
37e032fb-1a78-5b5c-833d-c5362ba14445,Cơm sườn,error,,,,,,,,,,,,,,,,,no_eligible_image,Wikimedia API HTTP 429
a7619de7-cecd-558c-9e8a-dcdedd82465a,Cơm thịt kho,error,,,,,,,,,,,,,,,,,no_eligible_image,Wikimedia API HTTP 429
d9756559-2697-565c-86e0-36cf39c4da49,Cơm trộn,error,,,,,,,,,,,,,,,,,no_eligible_image,Wikimedia API HTTP 429
e0a99abc-3bb4-54e5-85ea-0361df2098b7,Cơm tôm rim,error,,,,,,,,,,,,,,,,,no_eligible_image,Wikimedia API HTTP 429
fc959eeb-033c-54b6-b8a2-9d7c6982803e,Cơm tấm,error,,,,,,,,,,,,,,,,,no_eligible_image,Wikimedia API HTTP 429
9cbc5485-896f-5725-bc54-c7d637f54770,Cơm đậu hủ sốt cà,error,,,,,,,,,,,,,,,,,no_eligible_image,Wikimedia API HTTP 429
c5bbbe58-91c4-5819-8813-a531825073b6,Hủ tiếu,error,,,,,,,,,,,,,,,,,no_eligible_image,Wikimedia API HTTP 429
c3f1f939-20a4-55b1-89af-42e3c95a33fa,Miến,error,,,,,,,,,,,,,,,,,no_eligible_image,Wikimedia API HTTP 429
69073532-dba4-59ab-917e-42971d5e81c3,Mì,error,,,,,,,,,,,,,,,,,no_eligible_image,Wikimedia API HTTP 429
4f4e0327-d10e-5c8f-b69a-eb4f2df520ea,Mì trộn,error,,,,,,,,,,,,,,,,,no_eligible_image,Wikimedia API HTTP 429
b151781d-c641-593f-9aba-a1ac5d16e309,Mì Ý,error,,,,,,,,,,,,,,,,,no_eligible_image,Wikimedia API HTTP 429
aa59b2ad-3c15-5133-bad9-122a8d2fe93b,Nui,error,,,,,,,,,,,,,,,,,no_eligible_image,Wikimedia API HTTP 429
0da7d12b-4e83-517b-9c26-b192e6d63fe9,Phở bò,error,,,,,,,,,,,,,,,,,no_eligible_image,Wikimedia API HTTP 429
33c758d0-9f9b-5dd9-8976-c52b6f949d31,Phở gà,error,,,,,,,,,,,,,,,,,no_eligible_image,Wikimedia API HTTP 429
26448eef-8a0a-5934-bc0a-8936b205b389,Salad,error,,,,,,,,,,,,,,,,,no_eligible_image,Wikimedia API HTTP 429
1fdae49f-b6da-5574-82b6-4b7fc1cf09cd,Xôi,error,,,,,,,,,,,,,,,,,no_eligible_image,Wikimedia API HTTP 429
