sourceRef,locator,usageRights,license,attribution,status,version,reviewStatus,fieldSources,checkedAt,validUntil,enteredBy,reviewedBy
09685886-f124-54d4-be95-f9b6180fbad3,https://food.be.com.vn/ho-chi-minh/ga-ran-texas-chicken-vo-van-ngan-67488,unknown,,,draft,1,draft,{},2026-10-09T16:38:26Z,,gm03-editorial-agent,
11dd6ec4-4037-55d0-930c-ab5e47a42452,https://food.be.com.vn/ho-chi-minh/mi-tron-nha-min-kha-van-can-147476,unknown,,,draft,1,draft,{},2026-10-09T16:38:12Z,,gm03-editorial-agent,
274f6cc1-8d26-54af-9d61-522bc9b2dab4,https://food.be.com.vn/ho-chi-minh/banh-cuon-banh-uot-chuong-duong-33659,unknown,,,draft,1,draft,{},2026-10-09T16:38:56Z,,gm03-editorial-agent,
2a5af80d-cf4a-50ac-a903-5fbafd476685,https://en.wikipedia.org/wiki/B%C3%A1nh_cu%E1%BB%91n,licensed,CC BY-SA 4.0,"Wikipedia contributors, Bánh cuốn, CC BY-SA 4.0; https://en.wikipedia.org/wiki/B%C3%A1nh_cu%E1%BB%91n",draft,1,draft,{},2026-10-10T02:26:05Z,,gm03-editorial-agent,
2ad013ea-7096-5125-9e8e-12f36839e8db,https://commons.wikimedia.org/wiki/Commons:Reusing_content_outside_Wikimedia,unknown,,,draft,1,draft,{},2026-10-10T02:26:05Z,,gm03-editorial-agent,
4b8e096d-2210-5cf6-b0e6-384a213b37aa,https://en.wikipedia.org/wiki/B%C3%A1nh_bao,licensed,CC BY-SA 4.0,"Wikipedia contributors, Bánh bao, CC BY-SA 4.0; https://en.wikipedia.org/wiki/B%C3%A1nh_bao",draft,1,draft,{},2026-10-10T02:26:05Z,,gm03-editorial-agent,
4c0b0268-6756-56a9-b24f-96483f7e841a,https://food.be.com.vn/ho-chi-minh/bun-bo-hue-song-huong-duong-2-19461,unknown,,,draft,1,draft,{},2026-10-09T16:38:44Z,,gm03-editorial-agent,
4feff167-bbd1-5742-8c74-887247a9e043,https://food.be.com.vn/ho-chi-minh/com-chay-thap-phuong-hoang-dieu-2-125649,unknown,,,draft,1,draft,{},2026-10-09T16:38:21Z,,gm03-editorial-agent,
5dd7d319-9918-5389-ad80-817f8de98fd6,https://food.be.com.vn/ho-chi-minh/pho-ly-quoc-su-hoang-dieu-2-86590,unknown,,,draft,1,draft,{},2026-10-09T16:38:48Z,,gm03-editorial-agent,
601eb901-c804-58ac-a21c-08efe786648c,https://food.be.com.vn/ho-chi-minh/nem-nuong-nha-trang-hung-viet-hoang-dieu-2-105890,unknown,,,draft,1,draft,{},2026-10-09T16:39:00Z,,gm03-editorial-agent,
62568427-0d84-557f-a044-97dc526fa14e,https://en.wikipedia.org/wiki/Pho,licensed,CC BY-SA 4.0,"Wikipedia contributors, Pho, CC BY-SA 4.0; https://en.wikipedia.org/wiki/Pho",draft,1,draft,{},2026-10-10T02:26:05Z,,gm03-editorial-agent,
6304e8d5-110e-509f-855a-aa2680636f82,https://food.be.com.vn/ho-chi-minh/the-beoso-healthy-food-kha-van-can-138734,unknown,,,draft,1,draft,{},2026-10-09T16:38:14Z,,gm03-editorial-agent,
67454d1b-dafa-506c-a960-cf7cb29e7866,https://food.be.com.vn/ho-chi-minh/kim-nga-quan-com-phan-bun-rieu-banh-canh-le-van-chi-130264,unknown,,,draft,1,draft,{},2026-10-09T16:38:23Z,,gm03-editorial-agent,
6f69256a-a101-5bc7-b230-9c4a13b32e0c,https://food.be.com.vn/ho-chi-minh/bun-bo-ngon-anh-linh-banh-canh-mi-y-24h-duong-49-94430,unknown,,,draft,1,draft,{},2026-10-09T16:38:41Z,,gm03-editorial-agent,
7653a338-3eb4-5ec9-851c-8d3574c3b0b8,https://food.be.com.vn/ho-chi-minh/pha-lau-co-phuong-hiep-binh-46636,unknown,,,draft,1,draft,{},2026-10-09T16:38:46Z,,gm03-editorial-agent,
79db7b66-bb3b-5fa6-9a7c-0a1c68610fce,https://food.be.com.vn/ho-chi-minh/com-tam-49-duong-so-4-64909,unknown,,,draft,1,draft,{},2026-10-09T16:38:05Z,,gm03-editorial-agent,
81e6c76a-5c44-524a-bddf-6467d24d0348,https://food.be.com.vn/ho-chi-minh/bun-dau-mam-tom-ba-anh-em-hoang-dieu-2-75616,unknown,,,draft,1,draft,{},2026-10-09T16:38:53Z,,gm03-editorial-agent,
83199cc8-678e-592b-a02b-9cf6dce0d645,https://food.be.com.vn/ho-chi-minh/quie-tea-food-hoang-dieu-2-148318,unknown,,,draft,1,draft,{},2026-10-09T16:38:58Z,,gm03-editorial-agent,
93190189-abda-58b5-a7ec-d5c8daad2eb2,https://food.be.com.vn/ho-chi-minh/ga-ran-va-my-y-jollibee-vo-van-ngan-98881,unknown,,,draft,1,draft,{},2026-10-09T16:38:28Z,,gm03-editorial-agent,
96a964f9-9527-593a-8518-5693cae4fbc7,data-preparation/config/taxonomy_v1.json,unknown,,,draft,1,draft,{},2026-10-10T02:26:05Z,,gm03-editorial-agent,
9c82f366-7255-5f9d-bf6a-19699d27c058,https://food.be.com.vn/ho-chi-minh/lo-banh-my-bao-chau-hoang-dieu-2-25690,unknown,,,draft,1,draft,{},2026-10-09T16:38:38Z,,gm03-editorial-agent,
a2bc1d40-2c9d-5f93-a2f7-ded6657b4673,https://food.be.com.vn/ho-chi-minh/wallace-burger-chicken-kha-van-can-126511,unknown,,,draft,1,draft,{},2026-10-09T16:38:10Z,,gm03-editorial-agent,
bd7249fc-fec6-55d3-9ba0-3a06cee8a859,https://food.be.com.vn/ho-chi-minh/pho-bun-bo-tuoi-hoang-dieu-2-137270,unknown,,,draft,1,draft,{},2026-10-09T16:38:51Z,,gm03-editorial-agent,
c12d820b-bc32-5743-81af-50400684cced,https://food.be.com.vn/ho-chi-minh/com-tam-my-my-kha-van-can-148809,unknown,,,draft,1,draft,{},2026-10-09T16:38:17Z,,gm03-editorial-agent,
cd026318-9480-5df6-a3a9-6fe05474f62c,https://food.be.com.vn/ho-chi-minh/banh-mi-xoi-xiu-mai-xa-xiu-dang-van-bi-120584,unknown,,,draft,1,draft,{},2026-10-09T16:38:36Z,,gm03-editorial-agent,
ed058b8a-d0db-5944-9af4-962df535ba27,data-preparation/snapshots/thu_duc_base_dishes.csv,unknown,,,draft,1,draft,{},2026-10-10T02:26:05Z,,gm03-editorial-agent,
fa76dfbf-99bb-5760-ac20-2741a5862b50,https://food.be.com.vn/ho-chi-minh/tiem-com-nha-tron-hoang-dieu-2-102327,unknown,,,draft,1,draft,{},2026-10-09T16:38:07Z,,gm03-editorial-agent,
