id,name,description,aliases,cuisineIds,categoryIds,mealSlots,timeHints,classificationStatus,origin,ingredientTags,temperature,flavor,artwork,sourceDishIds,status,version,reviewStatus,sourceRef,fieldSources,checkedAt,validUntil,enteredBy,reviewedBy
8131e3cd-bce2-5843-8800-9426c91382ba,Burger,Nhóm burger nhiều loại nhân và sốt; phần ăn cụ thể theo menu từng quán.,[],[],"[""0a0fc007-2e29-5077-a43a-3f3fa54da0b5""]",[],[],needs_review,unknown,,unknown,,,"[""dish_71700d408984f9088754"",""dish_0ef9628442073fcd4fdb"",""dish_d3001f0dd740744e1b79"",""dish_08ee8e895a1260b19927"",""dish_1c61b7843ae6e7795bc5"",""dish_af0eb2d7527733ed71a0"",""dish_0a72910a90b4b0e63796"",""dish_8022028bb5be87812928"",""dish_c451a09aa0106881060c"",""dish_3b384ae73d116fef5bb4"",""dish_673f3c27c43db091f586"",""dish_280e536e866b0616a872"",""dish_b13dd52fa91ec5ae0d1a"",""dish_820fff8e221d7f5be078"",""dish_dce648c0442a05550375""]",draft,2,draft,ed058b8a-d0db-5944-9af4-962df535ba27,"{""name"":""ed058b8a-d0db-5944-9af4-962df535ba27"",""taxonomy"":""ed058b8a-d0db-5944-9af4-962df535ba27"",""description"":""ed058b8a-d0db-5944-9af4-962df535ba27""}",2026-10-10T02:26:05Z,,gm03-editorial-agent,
990393dc-1b1d-5a1a-9ccd-2b0c4ac60572,Bánh bao,"Bánh hấp có nhân, với các phiên bản khác nhau; loại nhân theo menu từng quán.",[],"[""d7bf6ad7-596c-5ee0-bf45-ccedfcf6460b"",""76754d62-96e1-5d54-bf87-048a0df60e3f""]","[""542c7681-b911-5a11-ae24-7010ae19a0a1"",""cf7fd677-325f-5fa6-a70b-a884f0684240""]","[""breakfast"",""snack""]",[],needs_review,unknown,,unknown,,,"[""dish_4863a6d8a369f369b378"",""dish_5b5fc67c61e37ef0a88f""]",draft,2,draft,ed058b8a-d0db-5944-9af4-962df535ba27,"{""name"":""ed058b8a-d0db-5944-9af4-962df535ba27"",""taxonomy"":""4b8e096d-2210-5cf6-b0e6-384a213b37aa"",""description"":""4b8e096d-2210-5cf6-b0e6-384a213b37aa""}",2026-10-10T02:26:05Z,,gm03-editorial-agent,
a785a621-2cbc-5f16-9274-a47141a8e3c8,Bánh cuốn,Món bánh từ lớp bột gạo mỏng hấp; nhân và món ăn kèm tùy phiên bản.,"[""Bánh quấn""]","[""d7bf6ad7-596c-5ee0-bf45-ccedfcf6460b""]","[""5dcf86dc-9369-59ca-a0cd-59836909b177"",""cf7fd677-325f-5fa6-a70b-a884f0684240""]","[""breakfast""]",[],needs_review,north,,unknown,,,"[""dish_4d68b13a1eeb0dbb3cf5"",""dish_9ae2acfc0cd0f2e3396c""]",draft,2,draft,ed058b8a-d0db-5944-9af4-962df535ba27,"{""name"":""ed058b8a-d0db-5944-9af4-962df535ba27"",""taxonomy"":""2a5af80d-cf4a-50ac-a903-5fbafd476685"",""description"":""2a5af80d-cf4a-50ac-a903-5fbafd476685""}",2026-10-10T02:26:05Z,,gm03-editorial-agent,
39da0965-df4e-5ca1-8741-bdb9aeb85f57,Bánh cuộn,"Nhóm bánh cuộn theo menu khảo sát, có các lựa chọn nhân và sốt riêng.",[],[],"[""e78e10c2-a90f-57b6-bc28-421fd7bd6b0a""]",[],[],needs_review,unknown,,unknown,,,"[""dish_b256669a4fc96c4d4e6f"",""dish_86eeb0edd22d484be231"",""dish_911270a93bcf8b5bc4ce"",""dish_ae18816678771e395cc7"",""dish_42eda451c8dd8cbaa2c7"",""dish_a77a4b31ab4e64505f40""]",draft,2,draft,ed058b8a-d0db-5944-9af4-962df535ba27,"{""name"":""ed058b8a-d0db-5944-9af4-962df535ba27"",""taxonomy"":""ed058b8a-d0db-5944-9af4-962df535ba27"",""description"":""ed058b8a-d0db-5944-9af4-962df535ba27""}",2026-10-10T02:26:05Z,,gm03-editorial-agent,
00cf348d-3c93-5940-b6ab-4fff39bcc886,Bánh mì,Nhóm bánh mì có nhân và bánh mì chấm; phần ăn cụ thể theo menu từng quán.,[],[],"[""811f6aa0-6b7f-5645-aeb9-c2f96cf50630""]",[],[],needs_review,unknown,,unknown,,,"[""dish_cdc78714e5476a169c19"",""dish_498a95270cac39382a4c"",""dish_e5539cfdb8d8de0db0a9"",""dish_241851b9474b98532b9f"",""dish_0b023b6636fd298baddf"",""dish_67b51a26ed3194c8cf19"",""dish_9b6e1b2b5e20b157c101"",""dish_a7a3fa0547359ead0774"",""dish_cd633551352a7f84f10d"",""dish_6a744226fb02b0d8ad9a"",""dish_6e0c65197340fec658db"",""dish_323743b69bfff44b6a73"",""dish_b0a320d761fd9d255a98"",""dish_e4fa67dfc8f6f12b0162"",""dish_8ba41c0e3c4af27f7cab"",""dish_c110e05a12e58595da4d"",""dish_e3de13c73a42fa34b12d"",""dish_9f452355832955ed1419"",""dish_0e093f86564eb555d093"",""dish_c16a23de539f7d4f57a4"",""dish_c9fd7f730de08750e84e"",""dish_2f7bbbe1affe989481fd"",""dish_415c55e068c6db27ac89""]",draft,2,draft,ed058b8a-d0db-5944-9af4-962df535ba27,"{""name"":""ed058b8a-d0db-5944-9af4-962df535ba27"",""taxonomy"":""ed058b8a-d0db-5944-9af4-962df535ba27"",""description"":""ed058b8a-d0db-5944-9af4-962df535ba27""}",2026-10-10T02:26:05Z,,gm03-editorial-agent,
620d6a2f-02a2-532f-b254-c37f3713ba04,Bánh ướt,Bánh dạng lá gạo mỏng không cuộn nhân; món ăn kèm theo menu từng quán.,[],"[""d7bf6ad7-596c-5ee0-bf45-ccedfcf6460b""]","[""6bcd10c4-acc9-53cd-be72-43a4e7061b9a""]",[],[],needs_review,unknown,,unknown,,,"[""dish_81217eb4a7be48a46586"",""dish_100724a3ef78f1530b1d""]",draft,2,draft,ed058b8a-d0db-5944-9af4-962df535ba27,"{""name"":""ed058b8a-d0db-5944-9af4-962df535ba27"",""taxonomy"":""ed058b8a-d0db-5944-9af4-962df535ba27"",""description"":""2a5af80d-cf4a-50ac-a903-5fbafd476685""}",2026-10-10T02:26:05Z,,gm03-editorial-agent,
ff74d5af-05b6-5f9a-9012-f8a2aadefb0c,Bún bò,"Nhóm bún bò gồm các phiên bản nước, khô và trộn trong menu khảo sát; món kèm giữ riêng.",[],[],"[""14bc9d6f-c43e-5c1d-9c13-eddc5cc80dcc""]",[],[],needs_review,unknown,,unknown,,,"[""dish_141b85de02bfd7e3b0c1"",""dish_94d5e7d6689430f6b154"",""dish_ddab4930b57c8c130906"",""dish_ddb506d384d5b06aecc4"",""dish_ed71fdf844fbc6e1ebf7"",""dish_8038552db31e65f30b97"",""dish_2bc75c7fb3bc54bd62a5"",""dish_aa2b4720ec4fa2822524"",""dish_359b5f2be849f65a2030"",""dish_3c5b9534d42c1cd3d62e"",""dish_022bef678409d0d50cf4"",""dish_25e245c2dea37cb7aff9"",""dish_cbe547799c77701dbb85"",""dish_bc94477470ff44d2baca"",""dish_b2a4a75b22a6f4786295"",""dish_3194b2c3916cd9d3b324"",""dish_ec4490529745d6ba3ad0"",""dish_b14094f70fddb47646c2"",""dish_59f7d277e4577a65f24f"",""dish_0d90dd019ff89657d9e0"",""dish_c648ea8f8c789ae751e6"",""dish_3ba586ffd7c9a48b5dfe"",""dish_3046dff208137ace0033"",""dish_2a04f420d5d5183d1eff"",""dish_1e6abba4eac6c9550dfc"",""dish_082f6df5c23f640d1d42"",""dish_af4d512cf6b844a2cec1"",""dish_0ee5554da66ee73b238b"",""dish_1caf884d957c7360217f"",""dish_d891e22efe490528d5fc"",""dish_b0cc7bc9bbe05d3bc829"",""dish_a7c084bf56ab95901318"",""dish_43056d224b1def0fd8ec"",""dish_5d494a23a8c8952024b9"",""dish_b44cc73ad62e8af2f43d""]",draft,2,draft,ed058b8a-d0db-5944-9af4-962df535ba27,"{""name"":""ed058b8a-d0db-5944-9af4-962df535ba27"",""taxonomy"":""ed058b8a-d0db-5944-9af4-962df535ba27"",""description"":""ed058b8a-d0db-5944-9af4-962df535ba27""}",2026-10-10T02:26:05Z,,gm03-editorial-agent,
fe39887f-b79c-5981-8f0a-6e50c4a5dc54,Bún bò chay,Phiên bản bún bò được menu ghi là chay; thành phần cụ thể cần kiểm ở từng quán.,[],[],"[""14bc9d6f-c43e-5c1d-9c13-eddc5cc80dcc""]",[],[],needs_review,unknown,,unknown,,,"[""dish_8d369a414c7bd0c3c390""]",draft,2,draft,ed058b8a-d0db-5944-9af4-962df535ba27,"{""name"":""ed058b8a-d0db-5944-9af4-962df535ba27"",""taxonomy"":""ed058b8a-d0db-5944-9af4-962df535ba27"",""description"":""ed058b8a-d0db-5944-9af4-962df535ba27""}",2026-10-10T02:26:05Z,,gm03-editorial-agent,
52c6435f-c967-5820-8e76-b1917291a1ef,Bún chay,Nhóm bún chay gồm các phiên bản măng và tàu hủ nước tương trong menu khảo sát.,[],[],"[""14bc9d6f-c43e-5c1d-9c13-eddc5cc80dcc""]",[],[],needs_review,unknown,,unknown,,,"[""dish_3e1c8730233bffe4a609"",""dish_aa4b6fcca30b2dc9c5e1""]",draft,2,draft,ed058b8a-d0db-5944-9af4-962df535ba27,"{""name"":""ed058b8a-d0db-5944-9af4-962df535ba27"",""taxonomy"":""ed058b8a-d0db-5944-9af4-962df535ba27"",""description"":""ed058b8a-d0db-5944-9af4-962df535ba27""}",2026-10-10T02:26:05Z,,gm03-editorial-agent,
807a5dfe-64b0-5137-ac00-6f95882830d6,Bún gạo lứt,Bún gạo lứt với các lựa chọn phần kèm và sốt theo menu khảo sát.,[],[],"[""14bc9d6f-c43e-5c1d-9c13-eddc5cc80dcc""]",[],[],needs_review,unknown,,unknown,,,"[""dish_014fba0b985393ad1e73"",""dish_0f05bc17b57d1362b5ce""]",draft,2,draft,ed058b8a-d0db-5944-9af4-962df535ba27,"{""name"":""ed058b8a-d0db-5944-9af4-962df535ba27"",""taxonomy"":""ed058b8a-d0db-5944-9af4-962df535ba27"",""description"":""ed058b8a-d0db-5944-9af4-962df535ba27""}",2026-10-10T02:26:05Z,,gm03-editorial-agent,
4a8ac4a8-b566-5032-be38-48f00e6a53b9,Bún mọc,,[],[],"[""14bc9d6f-c43e-5c1d-9c13-eddc5cc80dcc""]",[],[],needs_review,unknown,,unknown,,,"[""dish_c29ec05f8a7721b92c34""]",draft,2,draft,ed058b8a-d0db-5944-9af4-962df535ba27,"{""name"":""ed058b8a-d0db-5944-9af4-962df535ba27"",""taxonomy"":""ed058b8a-d0db-5944-9af4-962df535ba27""}",2026-10-10T02:26:05Z,,gm03-editorial-agent,
e6558eda-db0f-5583-bbf5-be4f7da8f2f9,Bún nem nướng,Nhóm bún nem nướng gồm các phiên bản nem lụi và nem phên trong menu khảo sát.,[],[],"[""14bc9d6f-c43e-5c1d-9c13-eddc5cc80dcc""]",[],[],needs_review,unknown,,unknown,,,"[""dish_5ebf723ade97ae6e30f6"",""dish_0467ee27d279ae5974c4"",""dish_25a46f3450446b403b67""]",draft,2,draft,ed058b8a-d0db-5944-9af4-962df535ba27,"{""name"":""ed058b8a-d0db-5944-9af4-962df535ba27"",""taxonomy"":""ed058b8a-d0db-5944-9af4-962df535ba27"",""description"":""ed058b8a-d0db-5944-9af4-962df535ba27""}",2026-10-10T02:26:05Z,,gm03-editorial-agent,
79c72911-92fc-5af0-9f7f-b8c476542e7f,Bún riêu,Nhóm bún riêu có các lựa chọn món kèm theo menu; phiên bản chay được tách riêng.,[],[],"[""14bc9d6f-c43e-5c1d-9c13-eddc5cc80dcc""]",[],[],needs_review,unknown,,unknown,,,"[""dish_da328759a81fd02249e5"",""dish_9bda251ae2b887dd2c7c"",""dish_e9db48e3896b3d58e8f3""]",draft,2,draft,ed058b8a-d0db-5944-9af4-962df535ba27,"{""name"":""ed058b8a-d0db-5944-9af4-962df535ba27"",""taxonomy"":""ed058b8a-d0db-5944-9af4-962df535ba27"",""description"":""ed058b8a-d0db-5944-9af4-962df535ba27""}",2026-10-10T02:26:05Z,,gm03-editorial-agent,
db666124-3676-5609-8dc4-b313a1809358,Bún riêu chay,Phiên bản bún riêu được menu ghi là chay; thành phần cụ thể cần kiểm ở từng quán.,[],[],"[""14bc9d6f-c43e-5c1d-9c13-eddc5cc80dcc""]",[],[],needs_review,unknown,,unknown,,,"[""dish_ae95b5a9f31da776d31d""]",draft,2,draft,ed058b8a-d0db-5944-9af4-962df535ba27,"{""name"":""ed058b8a-d0db-5944-9af4-962df535ba27"",""taxonomy"":""ed058b8a-d0db-5944-9af4-962df535ba27"",""description"":""ed058b8a-d0db-5944-9af4-962df535ba27""}",2026-10-10T02:26:05Z,,gm03-editorial-agent,
441e70be-0b06-521d-b5b9-7349386f14ad,Bún thịt nướng,Bún ăn kèm thịt nướng và phần ăn kèm theo menu từng quán.,[],[],"[""14bc9d6f-c43e-5c1d-9c13-eddc5cc80dcc""]",[],[],needs_review,unknown,,unknown,,,"[""dish_4b8c617d22391ddd9286""]",draft,2,draft,ed058b8a-d0db-5944-9af4-962df535ba27,"{""name"":""ed058b8a-d0db-5944-9af4-962df535ba27"",""taxonomy"":""ed058b8a-d0db-5944-9af4-962df535ba27"",""description"":""ed058b8a-d0db-5944-9af4-962df535ba27""}",2026-10-10T02:26:05Z,,gm03-editorial-agent,
d320d9fe-0b53-539f-98ce-87ac91cf2dbb,Bún đậu,Nhóm bún đậu với các lựa chọn món ăn kèm theo menu khảo sát.,[],[],"[""14bc9d6f-c43e-5c1d-9c13-eddc5cc80dcc""]",[],[],needs_review,unknown,,unknown,,,"[""dish_d99895bac9fad07ecb85"",""dish_fdb06e2601fe7f5bfc4e"",""dish_6ae7970f5e91739b5b54"",""dish_d03b21dfc9c21b7e318a"",""dish_a2850d2c411537a9e889"",""dish_204c9b8267a5b4c567d6"",""dish_4364a811ead759a4787f"",""dish_8fb45d0dd3be1168fdf9""]",draft,2,draft,ed058b8a-d0db-5944-9af4-962df535ba27,"{""name"":""ed058b8a-d0db-5944-9af4-962df535ba27"",""taxonomy"":""ed058b8a-d0db-5944-9af4-962df535ba27"",""description"":""ed058b8a-d0db-5944-9af4-962df535ba27""}",2026-10-10T02:26:05Z,,gm03-editorial-agent,
864f37d1-97e9-57bc-bce5-351668f703da,Cơm bò,"Nhóm cơm bò, có các lựa chọn món kèm và sốt theo menu khảo sát.",[],[],"[""e69b5f45-580d-5ee3-9e43-360650b4c650""]",[],[],needs_review,unknown,,unknown,,,"[""dish_b20466259cd1d0ed8a48""]",draft,2,draft,ed058b8a-d0db-5944-9af4-962df535ba27,"{""name"":""ed058b8a-d0db-5944-9af4-962df535ba27"",""taxonomy"":""ed058b8a-d0db-5944-9af4-962df535ba27"",""description"":""ed058b8a-d0db-5944-9af4-962df535ba27""}",2026-10-10T02:26:05Z,,gm03-editorial-agent,
f9224f9d-f9e2-5b4b-a328-0db75c978c2a,Cơm canh khổ qua,,[],[],"[""e69b5f45-580d-5ee3-9e43-360650b4c650""]",[],[],needs_review,unknown,,unknown,,,"[""dish_64f0fb5ee56faeddd93e""]",draft,2,draft,ed058b8a-d0db-5944-9af4-962df535ba27,"{""name"":""ed058b8a-d0db-5944-9af4-962df535ba27"",""taxonomy"":""ed058b8a-d0db-5944-9af4-962df535ba27""}",2026-10-10T02:26:05Z,,gm03-editorial-agent,
16ad89fb-0bc1-5d43-b8d0-4285916a69dc,Cơm chay,"Nhóm cơm được menu ghi là chay, với các lựa chọn món kèm khác nhau.",[],[],"[""e69b5f45-580d-5ee3-9e43-360650b4c650""]",[],[],needs_review,unknown,,unknown,,,"[""dish_a469811ae997daf98d96"",""dish_1482466e171652836ed3"",""dish_b4a24a3cbab1a43f9be8"",""dish_72c7f41d15903017ac02"",""dish_be26a73e00ec7366dbbc"",""dish_a6d4ec33de70f7129187"",""dish_d16627d610819b482a69"",""dish_70c4dbe3a9308a9d91ff"",""dish_1b77097589ad6b798904"",""dish_2afd46d6d104a5211020"",""dish_8f5ab6645c7bb0c331dc"",""dish_a3fab41af2b4294e306c"",""dish_9264773add3f6873cabe"",""dish_f738f0d8ef47af25d223""]",draft,2,draft,ed058b8a-d0db-5944-9af4-962df535ba27,"{""name"":""ed058b8a-d0db-5944-9af4-962df535ba27"",""taxonomy"":""ed058b8a-d0db-5944-9af4-962df535ba27"",""description"":""ed058b8a-d0db-5944-9af4-962df535ba27""}",2026-10-10T02:26:05Z,,gm03-editorial-agent,
da40f225-25dd-5527-b535-ae5d48e15b9d,Cơm chiên,Nhóm cơm chiên có các phiên bản gà xối mỡ và kimchi trong menu khảo sát.,[],[],"[""e69b5f45-580d-5ee3-9e43-360650b4c650""]",[],[],needs_review,unknown,,unknown,,,"[""dish_ded2f8290301e53ad52b"",""dish_04ebcb335bb9ab637bb4""]",draft,2,draft,ed058b8a-d0db-5944-9af4-962df535ba27,"{""name"":""ed058b8a-d0db-5944-9af4-962df535ba27"",""taxonomy"":""ed058b8a-d0db-5944-9af4-962df535ba27"",""description"":""ed058b8a-d0db-5944-9af4-962df535ba27""}",2026-10-10T02:26:05Z,,gm03-editorial-agent,
01e12db6-8014-5e84-bc53-398af27ad314,Cơm cá chiên,Cơm ăn kèm cá chiên; phần ăn kèm khác theo menu khảo sát.,[],[],"[""e69b5f45-580d-5ee3-9e43-360650b4c650""]",[],[],needs_review,unknown,,unknown,,,"[""dish_c7107fbf05f5cf0ccffd""]",draft,2,draft,ed058b8a-d0db-5944-9af4-962df535ba27,"{""name"":""ed058b8a-d0db-5944-9af4-962df535ba27"",""taxonomy"":""ed058b8a-d0db-5944-9af4-962df535ba27"",""description"":""ed058b8a-d0db-5944-9af4-962df535ba27""}",2026-10-10T02:26:05Z,,gm03-editorial-agent,
f518af1a-6744-545a-83b4-4fa14d590a43,Cơm cá kho,,[],[],"[""e69b5f45-580d-5ee3-9e43-360650b4c650""]",[],[],needs_review,unknown,,unknown,,,"[""dish_82b0fa149d497af38a37"",""dish_6ea650aa476d7f00577d"",""dish_32873f9e5bf46e9ce8eb""]",draft,2,draft,ed058b8a-d0db-5944-9af4-962df535ba27,"{""name"":""ed058b8a-d0db-5944-9af4-962df535ba27"",""taxonomy"":""ed058b8a-d0db-5944-9af4-962df535ba27""}",2026-10-10T02:26:05Z,,gm03-editorial-agent,
b115bf23-4277-5a5d-a439-002b0ceda3ce,Cơm gà,Nhóm cơm gà nhiều cách chế biến và sốt; phiên bản cụ thể theo menu từng quán.,[],[],"[""e69b5f45-580d-5ee3-9e43-360650b4c650""]",[],[],needs_review,unknown,,unknown,,,"[""dish_20622e6470b34b5213da"",""dish_6c10e67c9623664184ea"",""dish_7a29e0aefe100b4baef0"",""dish_3d6a9feb25d43d03aae5"",""dish_15a9d84d2ad40a0b01be"",""dish_a750b00ff23839991c03"",""dish_042c42205d0670eafc3c"",""dish_771b83ebd2a664e86052"",""dish_afd4aa4ea1df80b63006""]",draft,2,draft,ed058b8a-d0db-5944-9af4-962df535ba27,"{""name"":""ed058b8a-d0db-5944-9af4-962df535ba27"",""taxonomy"":""ed058b8a-d0db-5944-9af4-962df535ba27"",""description"":""ed058b8a-d0db-5944-9af4-962df535ba27""}",2026-10-10T02:26:05Z,,gm03-editorial-agent,
37e032fb-1a78-5b5c-833d-c5362ba14445,Cơm sườn,Nhóm cơm sườn; cách chế biến và phần ăn kèm lưu theo menu từng quán.,[],[],"[""e69b5f45-580d-5ee3-9e43-360650b4c650""]",[],[],needs_review,unknown,,unknown,,,"[""dish_739d04ada468dfc86a8d"",""dish_e7bbd2f93c3803e63110"",""dish_2acb3008d03606fd05df""]",draft,2,draft,ed058b8a-d0db-5944-9af4-962df535ba27,"{""name"":""ed058b8a-d0db-5944-9af4-962df535ba27"",""taxonomy"":""ed058b8a-d0db-5944-9af4-962df535ba27"",""description"":""ed058b8a-d0db-5944-9af4-962df535ba27""}",2026-10-10T02:26:05Z,,gm03-editorial-agent,
a7619de7-cecd-558c-9e8a-dcdedd82465a,Cơm thịt kho,Nhóm cơm thịt kho với các lựa chọn món kèm theo menu khảo sát.,[],[],"[""e69b5f45-580d-5ee3-9e43-360650b4c650""]",[],[],needs_review,unknown,,unknown,,,"[""dish_872cb994c72c329faf25"",""dish_cc6d02499b0bbad8272e"",""dish_cefb6ebb12fd9844a7ef"",""dish_c573beee577cdda71568""]",draft,2,draft,ed058b8a-d0db-5944-9af4-962df535ba27,"{""name"":""ed058b8a-d0db-5944-9af4-962df535ba27"",""taxonomy"":""ed058b8a-d0db-5944-9af4-962df535ba27"",""description"":""ed058b8a-d0db-5944-9af4-962df535ba27""}",2026-10-10T02:26:05Z,,gm03-editorial-agent,
d9756559-2697-565c-86e0-36cf39c4da49,Cơm trộn,"Nhóm cơm trộn gồm các phiên bản gapao, tomyum và cơm trộn trong menu khảo sát.",[],[],"[""e69b5f45-580d-5ee3-9e43-360650b4c650""]",[],[],needs_review,unknown,,unknown,,,"[""dish_c8a5b4a1eedd80d523e2"",""dish_dd444509e2f16476f8d5"",""dish_5149393fc130786a8806"",""dish_c6dbe18f854f98940f92""]",draft,2,draft,ed058b8a-d0db-5944-9af4-962df535ba27,"{""name"":""ed058b8a-d0db-5944-9af4-962df535ba27"",""taxonomy"":""ed058b8a-d0db-5944-9af4-962df535ba27"",""description"":""ed058b8a-d0db-5944-9af4-962df535ba27""}",2026-10-10T02:26:05Z,,gm03-editorial-agent,
e0a99abc-3bb4-54e5-85ea-0361df2098b7,Cơm tôm rim,,[],[],"[""e69b5f45-580d-5ee3-9e43-360650b4c650""]",[],[],needs_review,unknown,,unknown,,,"[""dish_1377542c3668f8eaf9d8""]",draft,2,draft,ed058b8a-d0db-5944-9af4-962df535ba27,"{""name"":""ed058b8a-d0db-5944-9af4-962df535ba27"",""taxonomy"":""ed058b8a-d0db-5944-9af4-962df535ba27""}",2026-10-10T02:26:05Z,,gm03-editorial-agent,
fc959eeb-033c-54b6-b8a2-9d7c6982803e,Cơm tấm,"Nhóm cơm tấm nhiều lựa chọn món kèm như sườn, bì, chả hoặc trứng, tùy menu.",[],[],"[""e69b5f45-580d-5ee3-9e43-360650b4c650""]",[],[],needs_review,unknown,,unknown,,,"[""dish_1cb93b65f9f155d1313c"",""dish_9a79f808de1ea519560f"",""dish_89cf91699774de307a7e"",""dish_bc9a2af68c543f772bbe"",""dish_1cb9f0bce516455f011e"",""dish_7a8ce48c7491c158f4ad"",""dish_016081c52de83e07b917"",""dish_64cc7f1877f7447ac8dd"",""dish_908eff610e7282441afb"",""dish_0e5b34900e97f8eee2a5"",""dish_376156411e77bb648713"",""dish_cc505a492c9e0ae991d1"",""dish_a9da3946880ce98d4759"",""dish_3a4349e2fe45e05a2179""]",draft,2,draft,ed058b8a-d0db-5944-9af4-962df535ba27,"{""name"":""ed058b8a-d0db-5944-9af4-962df535ba27"",""taxonomy"":""ed058b8a-d0db-5944-9af4-962df535ba27"",""description"":""ed058b8a-d0db-5944-9af4-962df535ba27""}",2026-10-10T02:26:05Z,,gm03-editorial-agent,
9cbc5485-896f-5725-bc54-c7d637f54770,Cơm đậu hủ sốt cà,,[],[],"[""e69b5f45-580d-5ee3-9e43-360650b4c650""]",[],[],needs_review,unknown,,unknown,,,"[""dish_76a8f52560552216f530""]",draft,2,draft,ed058b8a-d0db-5944-9af4-962df535ba27,"{""name"":""ed058b8a-d0db-5944-9af4-962df535ba27"",""taxonomy"":""ed058b8a-d0db-5944-9af4-962df535ba27""}",2026-10-10T02:26:05Z,,gm03-editorial-agent,
c5bbbe58-91c4-5819-8813-a531825073b6,Hủ tiếu,Nhóm hủ tiếu với các lựa chọn món kèm theo menu khảo sát.,[],[],"[""1af6a10b-2820-5c18-909f-40acfa83ec84""]",[],[],needs_review,unknown,,unknown,,,"[""dish_d133b89fd91b3db6438a"",""dish_738959b6fdecd425c58f"",""dish_73b5a86718cf08de22a7""]",draft,2,draft,ed058b8a-d0db-5944-9af4-962df535ba27,"{""name"":""ed058b8a-d0db-5944-9af4-962df535ba27"",""taxonomy"":""ed058b8a-d0db-5944-9af4-962df535ba27"",""description"":""ed058b8a-d0db-5944-9af4-962df535ba27""}",2026-10-10T02:26:05Z,,gm03-editorial-agent,
c3f1f939-20a4-55b1-89af-42e3c95a33fa,Miến,"Nhóm miến gồm các phiên bản miến gà, miến bò và miến Hàn trộn trong menu khảo sát.",[],[],"[""a7033166-916f-5748-b9c3-6670424dbfcf""]",[],[],needs_review,unknown,,unknown,,,"[""dish_fd4bae33d627f75bbf5e"",""dish_94ff471f63e1954bb85d"",""dish_e1555d8337835db7d4ce""]",draft,2,draft,ed058b8a-d0db-5944-9af4-962df535ba27,"{""name"":""ed058b8a-d0db-5944-9af4-962df535ba27"",""taxonomy"":""ed058b8a-d0db-5944-9af4-962df535ba27"",""description"":""ed058b8a-d0db-5944-9af4-962df535ba27""}",2026-10-10T02:26:05Z,,gm03-editorial-agent,
69073532-dba4-59ab-917e-42971d5e81c3,Mì,Nhóm mì gồm nhiều cách phục vụ; mì trộn và mì Ý được tách riêng trong catalogue.,[],[],"[""ac9e12a4-0416-53fc-af30-5b8b11ee0b49""]",[],[],needs_review,unknown,,unknown,,,"[""dish_4115c5ca98162d8f00f5"",""dish_6dd62c7a82a907fb3e9e"",""dish_f66d25f9fa8ffb113ff4"",""dish_be0ade5fe4efb3c4ba27""]",draft,2,draft,ed058b8a-d0db-5944-9af4-962df535ba27,"{""name"":""ed058b8a-d0db-5944-9af4-962df535ba27"",""taxonomy"":""ed058b8a-d0db-5944-9af4-962df535ba27"",""description"":""ed058b8a-d0db-5944-9af4-962df535ba27""}",2026-10-10T02:26:05Z,,gm03-editorial-agent,
4f4e0327-d10e-5c8f-b69a-eb4f2df520ea,Mì trộn,Nhóm mì trộn nhiều loại sốt và món kèm; phiên bản cụ thể theo menu khảo sát.,[],[],"[""ac9e12a4-0416-53fc-af30-5b8b11ee0b49""]",[],[],needs_review,unknown,,unknown,,,"[""dish_afb354cef0f8cff266c1"",""dish_c3619fb3dc5c713357e1"",""dish_db2b6b854d9285f59197"",""dish_eab29cd9ca564af4d383"",""dish_bc6ad85a65231be87c00"",""dish_68a8c81942dbf5f9273e"",""dish_825b296788d820b9a05b""]",draft,2,draft,ed058b8a-d0db-5944-9af4-962df535ba27,"{""name"":""ed058b8a-d0db-5944-9af4-962df535ba27"",""taxonomy"":""ed058b8a-d0db-5944-9af4-962df535ba27"",""description"":""ed058b8a-d0db-5944-9af4-962df535ba27""}",2026-10-10T02:26:05Z,,gm03-editorial-agent,
b151781d-c641-593f-9aba-a1ac5d16e309,Mì Ý,Nhóm mì Ý với các lựa chọn sốt và kích cỡ theo menu khảo sát.,[],[],"[""ac9e12a4-0416-53fc-af30-5b8b11ee0b49""]",[],[],needs_review,unknown,,unknown,,,"[""dish_1ace02b18ad0a4ec3886"",""dish_fede256ac3dc226a41d8"",""dish_a1f800d99897dfc23647"",""dish_9290a37606c5e5459cfe""]",draft,2,draft,ed058b8a-d0db-5944-9af4-962df535ba27,"{""name"":""ed058b8a-d0db-5944-9af4-962df535ba27"",""taxonomy"":""ed058b8a-d0db-5944-9af4-962df535ba27"",""description"":""ed058b8a-d0db-5944-9af4-962df535ba27""}",2026-10-10T02:26:05Z,,gm03-editorial-agent,
aa59b2ad-3c15-5133-bad9-122a8d2fe93b,Nui,Nhóm nui theo menu khảo sát; phần ăn kèm có xíu mại và xá xíu ở phiên bản được mô tả.,[],[],"[""5cc8224c-f7da-5c2e-9dcc-274504b977c4""]",[],[],needs_review,unknown,,unknown,,,"[""dish_f908017ba1f9d6106cd2""]",draft,2,draft,ed058b8a-d0db-5944-9af4-962df535ba27,"{""name"":""ed058b8a-d0db-5944-9af4-962df535ba27"",""taxonomy"":""ed058b8a-d0db-5944-9af4-962df535ba27"",""description"":""ed058b8a-d0db-5944-9af4-962df535ba27""}",2026-10-10T02:26:05Z,,gm03-editorial-agent,
0da7d12b-4e83-517b-9c26-b192e6d63fe9,Phở bò,"Phở nước với bò; phần thịt, nước dùng và món kèm tùy phiên bản.",[],"[""d7bf6ad7-596c-5ee0-bf45-ccedfcf6460b""]","[""1f89baf1-52f8-5f1e-98d8-7a36cae7a596""]",[],[],needs_review,unknown,,hot,,,"[""dish_bd2dc56065055571b6eb"",""dish_a9125964fe69d9ce8a35"",""dish_9f2bb340655c742b77e4"",""dish_81ae071d619bc6b6bb54"",""dish_04b11f522d5004473fbf"",""dish_ae67bb6b321d02b1a944"",""dish_c41522451e94d39a631f"",""dish_29d30602d5e6e2e1cd89"",""dish_d75ed25a37ba09a613cf"",""dish_c21e10bafb67110a4b80"",""dish_e24fc69e534f2dd5707e"",""dish_a695b62dc96049efae07"",""dish_0dc5fb98c2fec8649beb"",""dish_ddb80c6ef2f2de745843"",""dish_0fde62ace0ec1c917ce3"",""dish_60f58b594900b3df1a0d""]",draft,2,draft,ed058b8a-d0db-5944-9af4-962df535ba27,"{""name"":""ed058b8a-d0db-5944-9af4-962df535ba27"",""taxonomy"":""ed058b8a-d0db-5944-9af4-962df535ba27"",""description"":""62568427-0d84-557f-a044-97dc526fa14e""}",2026-10-10T02:26:05Z,,gm03-editorial-agent,
33c758d0-9f9b-5dd9-8976-c52b6f949d31,Phở gà,"Phở nước với gà; phần thịt, nước dùng và món kèm tùy phiên bản.",[],"[""d7bf6ad7-596c-5ee0-bf45-ccedfcf6460b""]","[""1f89baf1-52f8-5f1e-98d8-7a36cae7a596""]",[],[],needs_review,unknown,,hot,,,"[""dish_57f77e9c526f7d80610a""]",draft,2,draft,ed058b8a-d0db-5944-9af4-962df535ba27,"{""name"":""ed058b8a-d0db-5944-9af4-962df535ba27"",""taxonomy"":""ed058b8a-d0db-5944-9af4-962df535ba27"",""description"":""62568427-0d84-557f-a044-97dc526fa14e""}",2026-10-10T02:26:05Z,,gm03-editorial-agent,
26448eef-8a0a-5934-bc0a-8936b205b389,Salad,Nhóm salad rau với các lựa chọn phần kèm và sốt theo menu khảo sát.,[],[],"[""bab170d6-9d47-57c9-8ca5-767954cbd111""]",[],[],needs_review,unknown,,unknown,,,"[""dish_1b0387a9ffb5dd9b0b81"",""dish_571af392ae3742971c99"",""dish_775b37467263b0fb1a51""]",draft,2,draft,ed058b8a-d0db-5944-9af4-962df535ba27,"{""name"":""ed058b8a-d0db-5944-9af4-962df535ba27"",""taxonomy"":""ed058b8a-d0db-5944-9af4-962df535ba27"",""description"":""ed058b8a-d0db-5944-9af4-962df535ba27""}",2026-10-10T02:26:05Z,,gm03-editorial-agent,
1fdae49f-b6da-5574-82b6-4b7fc1cf09cd,Xôi,Nhóm xôi nhiều lựa chọn món kèm; phần ăn cụ thể theo menu khảo sát.,[],[],"[""87e3727e-5022-50a2-9a60-0b3dea21ca5d""]",[],[],needs_review,unknown,,unknown,,,"[""dish_820324c0c62e35ea1924"",""dish_dc49a26fe717591dff07"",""dish_6f7e93f1372b5d1cca92"",""dish_90146e77857fd9547758"",""dish_3bf6845b46977e018083"",""dish_a10642a3b8b5006ccdf1"",""dish_9ce2e1139a5f2e6506f3"",""dish_e1bf57667cea4d5bac72"",""dish_e12223ea3df4bb83af3f""]",draft,2,draft,ed058b8a-d0db-5944-9af4-962df535ba27,"{""name"":""ed058b8a-d0db-5944-9af4-962df535ba27"",""taxonomy"":""ed058b8a-d0db-5944-9af4-962df535ba27"",""description"":""ed058b8a-d0db-5944-9af4-962df535ba27""}",2026-10-10T02:26:05Z,,gm03-editorial-agent,
