id,type,code,label,description,status,origin,version,reviewStatus,sourceRef,fieldSources,checkedAt,validUntil,enteredBy,reviewedBy
542c7681-b911-5a11-ae24-7010ae19a0a1,category,family:banh_bao,bánh bao,,draft,,1,draft,96a964f9-9527-593a-8518-5693cae4fbc7,{},2026-10-10T02:26:05Z,,gm03-editorial-agent,
5dcf86dc-9369-59ca-a0cd-59836909b177,category,family:banh_cuon,bánh cuốn,,draft,,1,draft,96a964f9-9527-593a-8518-5693cae4fbc7,{},2026-10-10T02:26:05Z,,gm03-editorial-agent,
e78e10c2-a90f-57b6-bc28-421fd7bd6b0a,category,family:banh_cuon_wrap,bánh cuộn,,draft,,1,draft,96a964f9-9527-593a-8518-5693cae4fbc7,{},2026-10-10T02:26:05Z,,gm03-editorial-agent,
811f6aa0-6b7f-5645-aeb9-c2f96cf50630,category,family:banh_mi,bánh mì,,draft,,1,draft,96a964f9-9527-593a-8518-5693cae4fbc7,{},2026-10-10T02:26:05Z,,gm03-editorial-agent,
6bcd10c4-acc9-53cd-be72-43a4e7061b9a,category,family:banh_uot,bánh ướt,,draft,,1,draft,96a964f9-9527-593a-8518-5693cae4fbc7,{},2026-10-10T02:26:05Z,,gm03-editorial-agent,
14bc9d6f-c43e-5c1d-9c13-eddc5cc80dcc,category,family:bun,bún,,draft,,1,draft,96a964f9-9527-593a-8518-5693cae4fbc7,{},2026-10-10T02:26:05Z,,gm03-editorial-agent,
0a0fc007-2e29-5077-a43a-3f3fa54da0b5,category,family:burger,burger,,draft,,1,draft,96a964f9-9527-593a-8518-5693cae4fbc7,{},2026-10-10T02:26:05Z,,gm03-editorial-agent,
1af6a10b-2820-5c18-909f-40acfa83ec84,category,family:hu_tieu,hủ tiếu,,draft,,1,draft,96a964f9-9527-593a-8518-5693cae4fbc7,{},2026-10-10T02:26:05Z,,gm03-editorial-agent,
a7033166-916f-5748-b9c3-6670424dbfcf,category,family:mien,miến,,draft,,1,draft,96a964f9-9527-593a-8518-5693cae4fbc7,{},2026-10-10T02:26:05Z,,gm03-editorial-agent,
ac9e12a4-0416-53fc-af30-5b8b11ee0b49,category,family:noodles,mì,,draft,,1,draft,96a964f9-9527-593a-8518-5693cae4fbc7,{},2026-10-10T02:26:05Z,,gm03-editorial-agent,
5cc8224c-f7da-5c2e-9dcc-274504b977c4,category,family:nui,nui,,draft,,1,draft,96a964f9-9527-593a-8518-5693cae4fbc7,{},2026-10-10T02:26:05Z,,gm03-editorial-agent,
1f89baf1-52f8-5f1e-98d8-7a36cae7a596,category,family:pho,phở,,draft,,1,draft,96a964f9-9527-593a-8518-5693cae4fbc7,{},2026-10-10T02:26:05Z,,gm03-editorial-agent,
e69b5f45-580d-5ee3-9e43-360650b4c650,category,family:rice,cơm,,draft,,1,draft,96a964f9-9527-593a-8518-5693cae4fbc7,{},2026-10-10T02:26:05Z,,gm03-editorial-agent,
bab170d6-9d47-57c9-8ca5-767954cbd111,category,family:salad,salad,,draft,,1,draft,96a964f9-9527-593a-8518-5693cae4fbc7,{},2026-10-10T02:26:05Z,,gm03-editorial-agent,
87e3727e-5022-50a2-9a60-0b3dea21ca5d,category,family:sticky_rice,xôi,,draft,,1,draft,96a964f9-9527-593a-8518-5693cae4fbc7,{},2026-10-10T02:26:05Z,,gm03-editorial-agent,
cf7fd677-325f-5fa6-a70b-a884f0684240,category,preparation:steamed,hấp,,draft,,1,draft,96a964f9-9527-593a-8518-5693cae4fbc7,{},2026-10-10T02:26:05Z,,gm03-editorial-agent,
d7bf6ad7-596c-5ee0-bf45-ccedfcf6460b,cuisine,vi,Việt,,draft,,1,draft,96a964f9-9527-593a-8518-5693cae4fbc7,{},2026-10-10T02:26:05Z,,gm03-editorial-agent,
76754d62-96e1-5d54-bf87-048a0df60e3f,cuisine,zh,Hoa,,draft,,1,draft,96a964f9-9527-593a-8518-5693cae4fbc7,{},2026-10-10T02:26:05Z,,gm03-editorial-agent,
